prediction_edge	label_source	AUPR	AUROC	dataset	lf_num
CbG	CbG	0.25	0.8888888888888888	tune	1
CbG	CbG	0.25	0.9473684210526316	tune	1
CbG	CbG	0.23809523809523808	0.8928571428571428	tune	1
CbG	CbG	0.1800194931773879	0.7747747747747747	tune	1
CbG	CbG	0.11691909669850846	0.7092198581560284	tune	1
CbG	CbG	0.10273321449792037	0.6842105263157895	tune	1
CbG	CbG	0.19038871020578335	0.75	tune	1
CbG	CbG	0.1972550762962973	0.7221135029354208	tune	1
CbG	CbG	0.1924997040663307	0.7383820998278829	tune	1
CbG	CbG	0.17947367970440628	0.728110599078341	tune	1
CbG	CbG	0.15208693291264747	0.7253814147018031	tune	1
CbG	CbG	0.1808134921637286	0.6816816816816816	tune	1
CbG	CbG	0.15782229683620064	0.6096256684491979	tune	1
CbG	CbG	0.14890335916765543	0.5735677083333333	tune	1
CbG	CbG	0.14492637535340894	0.5754830917874396	tune	1
CbG	CbG	0.1409245351542447	0.5693354264782836	tune	1
CbG	CbG	0.13859819951385183	0.5317185697808535	tune	1
CbG	CbG	0.12935082930418662	0.5276073619631902	tune	1
CbG	CbG	0.12713477363938785	0.5248708010335917	tune	1
CbG	CbG	0.11740408045904242	0.5357142857142857	tune	1
CbG	CbG	0.10837654108958827	0.53125	tune	1
CbG	CbG	0.10568891903520082	0.5346534653465347	tune	1
CbG	CbG	0.10416798782920782	0.5435010482180294	tune	1
CbG	CbG	0.11314151154745768	0.5646582519647535	tune	1
CbG	CbG	0.12618311089061462	0.5963817841547099	tune	1
CbG	CbG	0.14932372961364293	0.6159281894576012	tune	1
CbG	CbG	0.1465701788127953	0.6156524926686217	tune	1
CbG	CbG	0.16651033573282498	0.61669921875	tune	1
CbG	CbG	0.17597509848037296	0.6372830188679246	tune	1
CbG	CbG	0.16779487721320835	0.608058608058608	tune	1
CbG	CbG	0.16352406925695756	0.5943515704154002	tune	1
CbG	CbG	0.1550440075442598	0.5762531105581231	tune	1
CbG	CbG	0.15375864356005292	0.5815099094970787	tune	1
CbG	CbG	0.15020561552036324	0.5805521676460805	tune	1
CbG	CbG	0.16182910162657044	0.5920833333333333	tune	1
CbG	CbG	0.15994520965888898	0.5922222222222222	tune	1
CbG	CbG	0.15703816767455525	0.5919607843137256	tune	1
CbG	CbG	0.16436025097972243	0.6019964876605971	tune	1
CbG	CbG	0.16198914662592245	0.5962142432730668	tune	1
CbG	CbG	0.1593642330388652	0.5957394104533069	tune	1
CbG	CbG	0.14951059345394246	0.583072590738423	tune	1
CbG	CbG	0.14401834980202172	0.5796251142944225	tune	1
CbG	CbG	0.14206041881621673	0.5817721518987342	tune	1
CbG	CbG	0.13981196838399593	0.5815873015873017	tune	1
CbG	CbG	0.13831678627106242	0.5805163511187608	tune	1
CbG	CbG	0.1360236906134452	0.5807731092436975	tune	1
CbG	CbG	0.13407168139604836	0.579047619047619	tune	1
CbG	CbG	0.13031262246729722	0.5712587587587588	tune	1
CbG	CbG	0.1220551659434459	0.5638088419545373	tune	1
CbG	CbG	0.12059094741061159	0.562430681221178	tune	1
CbG	CbG	0.11759937001852723	0.5615679104051198	test	1
CbG	CbG	0.11477155589572816	0.5603491690448212	test	1
CbG	CbG	0.1118342094369437	0.5581382599638178	test	1
CbG	CbG	0.1095568442345084	0.5579495996991027	test	1
CbG	CbG	0.10353894892502084	0.5540277119224488	test	1
CbG	CbG	0.10256158185330262	0.5532530618572684	test	1
CbG	CbG	0.10091933164919689	0.5531159677501141	test	1
CbG	CbG	0.09968530571551848	0.5536807525757802	test	1
CbG	CbG	0.09775101419473671	0.5518688024408848	test	1
CbG	CbG	0.10566616141103313	0.56	test	1
CbG	CbG	0.1039682334302598	0.563718976381328	test	1
CbG	CbG	0.10224188540467959	0.5506261328060637	test	1
CbG	CbG	0.10151891650366582	0.5512633624878522	test	1
CbG	CbG	0.10057618008368806	0.5502866698518872	test	1
CbG	CbG	0.09891426108137574	0.5491854636591479	test	1
CbG	CbG	0.09864871027395915	0.5471517119244391	test	1
CbG	CbG	0.1039840668763446	0.5545599999999999	test	1
CbG	CbG	0.11216055698673985	0.562097106021122	test	1
CbG	CbG	0.11120947701269446	0.5616392114501756	test	1
CbG	CbG	0.10930667486288473	0.5595333067411249	test	1
CbG	CbG	0.1265613707224344	0.5734516616314199	test	1
CbG	CbG	0.1389130621228593	0.5804921074241918	test	1
CbG	CbG	0.13675110661889556	0.5809883424735532	test	1
CbG	CbG	0.13680117451538457	0.5840579710144927	test	1
CbG	CbG	0.1402188867141702	0.5936191315847477	test	1
CbG	CbG	0.13528892063629108	0.5948867123909157	test	1
CbG	CbG	0.13426570217304423	0.5923856817711567	test	1
CbG	CbG	0.13386869346909414	0.5943016018773594	test	1
CbG	CbG	0.1327666257577678	0.5926530612244898	test	1
CbG	CbG	0.13223226862778617	0.593776693105552	test	1
CbG	CbG	0.13565594014832288	0.6012457370215991	test	1
CbG	CbG	0.1345452165551033	0.6012761780104712	test	1
CbG	CbG	0.13480063356938224	0.6043212818592406	test	1
CbG	CbG	0.13705054452888826	0.6069359144078648	test	1
CbG	CbG	0.13462345253546237	0.6061411215153528	test	1
CbG	CbG	0.1334623115840237	0.6054791666666667	test	1
CbG	CbG	0.13232639007325203	0.6042798353909467	test	1
CbG	CbG	0.13189482114697404	0.6052439024390244	test	1
CbG	CbG	0.13171610697082042	0.6073879254088473	test	1
CbG	CbG	0.12972033278863526	0.6027407806605588	test	1
CbG	CbG	0.12891144763191562	0.6024611990261717	test	1
CbG	CbG	0.13796331728056013	0.6093932535046729	test	1
CbG	CbG	0.13737193898092587	0.6110349307159353	test	1
CbG	CbG	0.13486045977379443	0.6103560216894978	test	1
CbG	CbG	0.1348268624937834	0.6101398601398603	test	1
CbG	CbG	0.13362482969303863	0.6105179309877297	test	1
CbG	CbG	0.13252384987335303	0.6107367927058193	test	1
CbG	CbG	0.13546474899898575	0.6154386882673163	test	1
CbG	CbG	0.1346440196589932	0.6161607994696074	test	1
CbG	CbG	0.13082353691092893	0.6190355970714466	test	1
CbG	CbG	0.25	0.8888888888888888	tune	1
CbG	CbG	0.25	0.9473684210526316	tune	1
CbG	CbG	0.23809523809523808	0.8928571428571428	tune	1
CbG	CbG	0.1854302832244009	0.7927927927927928	tune	1
CbG	CbG	0.11946895424836601	0.723404255319149	tune	1
CbG	CbG	0.10680449818380852	0.7134502923976609	tune	1
CbG	CbG	0.19518018018018016	0.7765151515151515	tune	1
CbG	CbG	0.2070801391892486	0.7612524461839532	tune	1
CbG	CbG	0.20285739165049507	0.7779690189328744	tune	1
CbG	CbG	0.1879950762924989	0.7665130568356375	tune	1
CbG	CbG	0.16632739565070392	0.7669902912621358	tune	1
CbG	CbG	0.19978423302050458	0.7117117117117118	tune	1
CbG	CbG	0.17979113394182297	0.6462948815889993	tune	1
CbG	CbG	0.16682298819172658	0.6048177083333334	tune	1
CbG	CbG	0.16175468402214724	0.6038647342995169	tune	1
CbG	CbG	0.15524311882196437	0.5902668759811617	tune	1
CbG	CbG	0.14761819119225475	0.5359477124183007	tune	1
CbG	CbG	0.13667381131467102	0.5312161674485746	tune	1
CbG	CbG	0.13457122643514033	0.5310077519379846	tune	1
CbG	CbG	0.1250940147483723	0.53998778998779	tune	1
CbG	CbG	0.11571279727042168	0.5353009259259259	tune	1
CbG	CbG	0.11286789087811804	0.5379537953795379	tune	1
CbG	CbG	0.11129065328843521	0.5461215932914046	tune	1
CbG	CbG	0.1184731608264207	0.5663253155513217	tune	1
CbG	CbG	0.13186047817690064	0.5984612185485547	tune	1
CbG	CbG	0.16038072619763033	0.6182200152788387	tune	1
CbG	CbG	0.15788471933208104	0.6193181818181819	tune	1
CbG	CbG	0.1755301691544431	0.6219075520833333	tune	1
CbG	CbG	0.18378892444214776	0.6412075471698113	tune	1
CbG	CbG	0.1752440961476937	0.6125356125356125	tune	1
CbG	CbG	0.1707237238788498	0.5987841945288754	tune	1
CbG	CbG	0.15945895394669868	0.5787415570565233	tune	1
CbG	CbG	0.1580635483882215	0.5833428800549891	tune	1
CbG	CbG	0.15457049494555972	0.5837676017296818	tune	1
CbG	CbG	0.16516153517688914	0.5948958333333333	tune	1
CbG	CbG	0.16313327268652342	0.5952525252525253	tune	1
CbG	CbG	0.16037940007323193	0.5948039215686275	tune	1
CbG	CbG	0.16791922476706783	0.6041223772991958	tune	1
CbG	CbG	0.16533242491261146	0.5997793056616585	tune	1
CbG	CbG	0.16340693027812322	0.6001981669556602	tune	1
CbG	CbG	0.1526125923153795	0.5874530663329162	tune	1
CbG	CbG	0.1478631135121339	0.5852636391344103	tune	1
CbG	CbG	0.14548678013691704	0.5874141048824593	tune	1
CbG	CbG	0.14337384647266876	0.5867372134038801	tune	1
CbG	CbG	0.14167815503454706	0.5848537005163512	tune	1
CbG	CbG	0.13917270045746455	0.5845378151260504	tune	1
CbG	CbG	0.13703958644208553	0.5825944170771756	tune	1
CbG	CbG	0.1334529907062536	0.5718218218218217	tune	1
CbG	CbG	0.12298590914348473	0.5647634389356244	tune	1
CbG	CbG	0.12165580580908547	0.564357013601074	tune	1
CbG	CbG	0.11817217267763161	0.5639106336780755	test	1
CbG	CbG	0.1146337787773396	0.5623636058418667	test	1
CbG	CbG	0.1122331247709319	0.5607148730880982	test	1
CbG	CbG	0.11029746630347931	0.5611197678792113	test	1
CbG	CbG	0.1043756389962463	0.5574521890311364	test	1
CbG	CbG	0.10344113305107991	0.5571805074673143	test	1
CbG	CbG	0.10229815720867874	0.5572739719081182	test	1
CbG	CbG	0.1010514243204802	0.5577124085411379	test	1
CbG	CbG	0.09893294018383447	0.5542048054919909	test	1
CbG	CbG	0.1065086994949605	0.5641517857142857	test	1
CbG	CbG	0.10450336932865581	0.5667195336276737	test	1
CbG	CbG	0.10278834270235163	0.5539627615752184	test	1
CbG	CbG	0.10206306248468004	0.5546242306446388	test	1
CbG	CbG	0.10115923834326518	0.553670966714445	test	1
CbG	CbG	0.09958786981142562	0.552749060150376	test	1
CbG	CbG	0.0990748994553612	0.5483692443919717	test	1
CbG	CbG	0.10868448802589342	0.5560888888888889	test	1
CbG	CbG	0.1160914995894779	0.5637086819366343	test	1
CbG	CbG	0.11506477886642621	0.5630907372400756	test	1
CbG	CbG	0.11310742922625908	0.5611288392500997	test	1
CbG	CbG	0.1474152634599155	0.5761266364551862	test	1
CbG	CbG	0.15875078552930727	0.5831077587517869	test	1
CbG	CbG	0.15597329093685924	0.5836255206928587	test	1
CbG	CbG	0.15751297480486537	0.5886956521739131	test	1
CbG	CbG	0.16036144553666518	0.5978895746087723	test	1
CbG	CbG	0.15286318970745164	0.5995569907395053	test	1
CbG	CbG	0.15148713943392328	0.5967049451686323	test	1
CbG	CbG	0.1510317416760273	0.5982807876747271	test	1
CbG	CbG	0.1494193746289867	0.5952999381570809	test	1
CbG	CbG	0.14882725520559525	0.5964124466137889	test	1
CbG	CbG	0.1517376445376221	0.6034245926487306	test	1
CbG	CbG	0.1504984190537805	0.6032862752430815	test	1
CbG	CbG	0.15057820637714842	0.6063185129706543	test	1
CbG	CbG	0.15262938358629896	0.6093882245708456	test	1
CbG	CbG	0.14998521678764676	0.6087338490218346	test	1
CbG	CbG	0.14899410470100655	0.6094999999999999	test	1
CbG	CbG	0.14793265820878754	0.6081893004115227	test	1
CbG	CbG	0.14752347613007016	0.609349593495935	test	1
CbG	CbG	0.14733747945548592	0.6120745911526824	test	1
CbG	CbG	0.14549785907129348	0.6073793209638925	test	1
CbG	CbG	0.1445806908767379	0.6070260194765673	test	1
CbG	CbG	0.15407486945577434	0.6136098130841121	test	1
CbG	CbG	0.15345102104103625	0.6150945438799076	test	1
CbG	CbG	0.15053188379334062	0.6142801084474886	test	1
CbG	CbG	0.1501152604484436	0.613036473330591	test	1
CbG	CbG	0.14885920160409338	0.6134160395905363	test	1
CbG	CbG	0.1478313080594265	0.613519039957093	test	1
CbG	CbG	0.15016475749484798	0.6180216115479558	test	1
CbG	CbG	0.14935759957287628	0.6187965912582268	test	1
CbG	CbG	0.14560741973248814	0.622144029285534	test	1
CbG	CbG	0.25	0.8888888888888888	tune	1
CbG	CbG	0.25	0.9473684210526316	tune	1
CbG	CbG	0.23809523809523808	0.8928571428571428	tune	1
CbG	CbG	0.1854302832244009	0.7927927927927928	tune	1
CbG	CbG	0.12090615231599887	0.7304964539007093	tune	1
CbG	CbG	0.10680449818380852	0.7134502923976609	tune	1
CbG	CbG	0.19518018018018016	0.7765151515151515	tune	1
CbG	CbG	0.21734847332173773	0.7651663405088063	tune	1
CbG	CbG	0.21248869070313592	0.7796901893287436	tune	1
CbG	CbG	0.1967302698931425	0.7711213517665131	tune	1
CbG	CbG	0.18554025851280048	0.768377253814147	tune	1
CbG	CbG	0.22695701998429527	0.7167167167167168	tune	1
CbG	CbG	0.2009346098077749	0.6485867074102368	tune	1
CbG	CbG	0.18748899539278946	0.603515625	tune	1
CbG	CbG	0.18282073186734538	0.6038647342995169	tune	1
CbG	CbG	0.17554034830513499	0.5944531658817374	tune	1
CbG	CbG	0.1639345027193233	0.5428681276432141	tune	1
CbG	CbG	0.15703060479099545	0.5380728978708047	tune	1
CbG	CbG	0.15392714951325523	0.5381136950904393	tune	1
CbG	CbG	0.13905797140603365	0.547924297924298	tune	1
CbG	CbG	0.12696706159642993	0.5428240740740742	tune	1
CbG	CbG	0.124281238610574	0.5464796479647964	tune	1
CbG	CbG	0.1226790903846908	0.5539832285115305	tune	1
CbG	CbG	0.13243779542255207	0.5748987854251013	tune	1
CbG	CbG	0.1447075999001658	0.6055312954876273	tune	1
CbG	CbG	0.17448296237158628	0.6243315508021391	tune	1
CbG	CbG	0.17184934705369184	0.624816715542522	tune	1
CbG	CbG	0.187318587677814	0.6272786458333333	tune	1
CbG	CbG	0.19347369891567412	0.6458867924528302	tune	1
CbG	CbG	0.18456231032141704	0.6182336182336182	tune	1
CbG	CbG	0.1802685312734154	0.607016210739615	tune	1
CbG	CbG	0.1685271725235551	0.5881028557886007	tune	1
CbG	CbG	0.16729062913053122	0.5934242181234963	tune	1
CbG	CbG	0.16365440265534298	0.5933030269431201	tune	1
CbG	CbG	0.17515934680293044	0.6048958333333333	tune	1
CbG	CbG	0.1736487009957777	0.6061616161616161	tune	1
CbG	CbG	0.17058055701820288	0.6058823529411765	tune	1
CbG	CbG	0.1802433490859075	0.6157685553193456	tune	1
CbG	CbG	0.17712437873508638	0.6106442577030813	tune	1
CbG	CbG	0.17506421340709896	0.6108496408223929	tune	1
CbG	CbG	0.16306072237925734	0.5993429286608261	tune	1
CbG	CbG	0.15729178466208804	0.5962359036879	tune	1
CbG	CbG	0.15442774708252455	0.5963110307414105	tune	1
CbG	CbG	0.15234400311794608	0.5954850088183421	tune	1
CbG	CbG	0.15067338834549895	0.593803786574871	tune	1
CbG	CbG	0.14795858384218466	0.5940168067226891	tune	1
CbG	CbG	0.14588442667195262	0.5921839080459771	tune	1
CbG	CbG	0.1419308727144431	0.5832082082082082	tune	1
CbG	CbG	0.13122499903584448	0.5759799534633973	tune	1
CbG	CbG	0.12979390651762618	0.5749810285447434	tune	1
CbG	CbG	0.12581595897864306	0.5741957602422718	test	1
CbG	CbG	0.12241039584535887	0.5726596161378771	test	1
CbG	CbG	0.12000074699909691	0.5706375746943697	test	1
CbG	CbG	0.11773394845729326	0.5707377357476762	test	1
CbG	CbG	0.11138638531439787	0.5670407249354618	test	1
CbG	CbG	0.11036748955202352	0.5665857061650561	test	1
CbG	CbG	0.10890275723273311	0.5664012981086152	test	1
CbG	CbG	0.10751780349265237	0.5668209646110199	test	1
CbG	CbG	0.10450089462022291	0.5634057971014492	test	1
CbG	CbG	0.11282335805962013	0.5722767857142858	test	1
CbG	CbG	0.11023319994699995	0.574778173089288	test	1
CbG	CbG	0.10840388158742498	0.5623661229197561	test	1
CbG	CbG	0.10766967480754913	0.5630061548428896	test	1
CbG	CbG	0.10674813090773823	0.5619127249562033	test	1
CbG	CbG	0.10510497355076467	0.5608161027568923	test	1
CbG	CbG	0.10433447786623476	0.5565968122786304	test	1
CbG	CbG	0.10992523996265041	0.56384	test	1
CbG	CbG	0.11809958059991646	0.5711493622274036	test	1
CbG	CbG	0.1171569033776475	0.570517148258169	test	1
CbG	CbG	0.1153439327600984	0.5684749368435048	test	1
CbG	CbG	0.13282430627473604	0.5822633434038268	test	1
CbG	CbG	0.14501244478823155	0.5890385960643572	test	1
CbG	CbG	0.142420185832483	0.5892894602775031	test	1
CbG	CbG	0.14254537764894779	0.5924347826086956	test	1
CbG	CbG	0.14654485266015507	0.6019396076702667	test	1
CbG	CbG	0.1392077067945362	0.602679405406848	test	1
CbG	CbG	0.13800053150783168	0.5992654665839023	test	1
CbG	CbG	0.13756565967689977	0.6011376390164269	test	1
CbG	CbG	0.13605848677625085	0.5972047000618429	test	1
CbG	CbG	0.1354907851774016	0.5982916412446614	test	1
CbG	CbG	0.13892326307200215	0.6055087154225085	test	1
CbG	CbG	0.13786194018126588	0.6053898653702319	test	1
CbG	CbG	0.138176116657569	0.608406527314405	test	1
CbG	CbG	0.13983853970649654	0.6102345971049719	test	1
CbG	CbG	0.13683742429658713	0.609462384023656	test	1
CbG	CbG	0.13560454211398398	0.6085	test	1
CbG	CbG	0.13442783074583636	0.6070370370370369	test	1
CbG	CbG	0.133977967601936	0.6079674796747967	test	1
CbG	CbG	0.1339669262817414	0.610433269394293	test	1
CbG	CbG	0.13208473083242417	0.6066479328662715	test	1
CbG	CbG	0.1311655018120369	0.6060369750456482	test	1
CbG	CbG	0.14014129614158405	0.612551109813084	test	1
CbG	CbG	0.13951605583958693	0.6141743648960739	test	1
CbG	CbG	0.13649984829159306	0.6133882705479452	test	1
CbG	CbG	0.13667690762428486	0.6129336349924585	test	1
CbG	CbG	0.13570040307739759	0.6134160395905363	test	1
CbG	CbG	0.1343925008441293	0.6136866452131939	test	1
CbG	CbG	0.13755743025915396	0.618430301940462	test	1
CbG	CbG	0.13658327465304848	0.619022978283016	test	1
CbG	CbG	0.1333784066601685	0.6223333754102499	test	1
CbG	CbG	0.25	0.8888888888888888	tune	6
CbG	CbG	0.25	0.9473684210526316	tune	6
CbG	CbG	0.2583333333333333	0.9107142857142858	tune	6
CbG	CbG	0.16061507936507935	0.8018018018018018	tune	6
CbG	CbG	0.0927894569198917	0.7163120567375887	tune	6
CbG	CbG	0.06783025501191886	0.672514619883041	tune	6
CbG	CbG	0.07986585269480007	0.6856060606060606	tune	6
CbG	CbG	0.10347204483155138	0.6066536203522506	tune	6
CbG	CbG	0.09922408247050693	0.6316695352839932	tune	6
CbG	CbG	0.09137689173304858	0.6374807987711213	tune	6
CbG	CbG	0.0845154028334669	0.6421636615811372	tune	6
CbG	CbG	0.09783436177523128	0.6136136136136136	tune	6
CbG	CbG	0.09625929730804661	0.5614973262032086	tune	6
CbG	CbG	0.09494190154186592	0.556640625	tune	6
CbG	CbG	0.08977009552537576	0.5591787439613527	tune	6
CbG	CbG	0.08766919266976267	0.5520669806384093	tune	6
CbG	CbG	0.10501973090402521	0.558246828143022	tune	6
CbG	CbG	0.09709359958295442	0.5507037170696499	tune	6
CbG	CbG	0.09508157167598005	0.5387596899224805	tune	6
CbG	CbG	0.09054802490043551	0.5427350427350428	tune	6
CbG	CbG	0.0855544574625713	0.5390625	tune	6
CbG	CbG	0.08190717089456334	0.5393289328932893	tune	6
CbG	CbG	0.07943017396221419	0.5445492662473794	tune	6
CbG	CbG	0.09011574611954111	0.5679923791378899	tune	6
CbG	CbG	0.10414612983234735	0.6019962570180911	tune	6
CbG	CbG	0.10475784260300662	0.602559205500382	tune	6
CbG	CbG	0.10182676475897526	0.6039222873900294	tune	6
CbG	CbG	0.1215365099677822	0.6126302083333334	tune	6
CbG	CbG	0.13312717401923393	0.634867924528302	tune	6
CbG	CbG	0.1275267734769697	0.595305928639262	tune	6
CbG	CbG	0.1257303983675884	0.5887791286727457	tune	6
CbG	CbG	0.12209581725387579	0.57518663348738	tune	6
CbG	CbG	0.12014515500207049	0.5788750143200826	tune	6
CbG	CbG	0.1170540553959778	0.5774476105998448	tune	6
CbG	CbG	0.1250624106482761	0.5891666666666666	tune	6
CbG	CbG	0.12243532425584308	0.5890909090909091	tune	6
CbG	CbG	0.11980528403427396	0.5874509803921568	tune	6
CbG	CbG	0.12123040892067424	0.5931232091690546	tune	6
CbG	CbG	0.12092052653262786	0.5884050589932942	tune	6
CbG	CbG	0.11940495611531982	0.5903723887375113	tune	6
CbG	CbG	0.11651352566472269	0.5756414267834793	tune	6
CbG	CbG	0.11297905568899597	0.5725388601036269	tune	6
CbG	CbG	0.11251558458893457	0.5717179023508138	tune	6
CbG	CbG	0.11033130465094276	0.5715696649029982	tune	6
CbG	CbG	0.10844159127442035	0.5708089500860586	tune	6
CbG	CbG	0.1009798725403836	0.5677983193277312	tune	6
CbG	CbG	0.09881051770863575	0.564991789819376	tune	6
CbG	CbG	0.09593278540433295	0.5491741741741742	tune	6
CbG	CbG	0.09212709218050359	0.5376767495972794	tune	6
CbG	CbG	0.09069660089932374	0.5369213706146752	tune	6
CbG	CbG	0.08914566583727185	0.5353979772584424	test	6
CbG	CbG	0.08715195793609803	0.5358961445917967	test	6
CbG	CbG	0.08567985877129664	0.534181240063593	test	6
CbG	CbG	0.08438984617722797	0.5359196174305518	test	6
CbG	CbG	0.08099811558041493	0.5332701122174807	test	6
CbG	CbG	0.08008023134531739	0.5345460182936282	test	6
CbG	CbG	0.07798517309337302	0.5329344353734597	test	6
CbG	CbG	0.0765799692195899	0.5347170374794684	test	6
CbG	CbG	0.07574948512431184	0.5344202898550725	test	6
CbG	CbG	0.08428460295608647	0.5511160714285714	test	6
CbG	CbG	0.08759742435232606	0.5585751639590211	test	6
CbG	CbG	0.08624589867295912	0.5473718899324436	test	6
CbG	CbG	0.08532908924204893	0.5470116618075802	test	6
CbG	CbG	0.0836986819180617	0.5447125338429686	test	6
CbG	CbG	0.08023696698792623	0.5421365914786967	test	6
CbG	CbG	0.08090372023912146	0.5427243211334121	test	6
CbG	CbG	0.10698393859700049	0.5500444444444444	test	6
CbG	CbG	0.11283396500737221	0.5576052667672472	test	6
CbG	CbG	0.11193018071692731	0.5578922495274102	test	6
CbG	CbG	0.11091063638902962	0.5570735274564552	test	6
CbG	CbG	0.1265525841652449	0.5749622356495468	test	6
CbG	CbG	0.15035678614559225	0.5823778095440859	test	6
CbG	CbG	0.14890840748209885	0.5826365788606191	test	6
CbG	CbG	0.1519647501477695	0.5887826086956521	test	6
CbG	CbG	0.1537253795351379	0.5972007934758652	test	6
CbG	CbG	0.14846736771824715	0.5979290651437111	test	6
CbG	CbG	0.14754849171001616	0.5978170908338506	test	6
CbG	CbG	0.14659875085451743	0.5992245689215385	test	6
CbG	CbG	0.14519005522871375	0.5982683982683983	test	6
CbG	CbG	0.14474133049026783	0.6000732153752288	test	6
CbG	CbG	0.14589222241856728	0.6059586964759378	test	6
CbG	CbG	0.1454388213257267	0.6071428571428572	test	6
CbG	CbG	0.14474757655676965	0.6076802614557091	test	6
CbG	CbG	0.14514023634300122	0.6102780008246707	test	6
CbG	CbG	0.1420250294676828	0.6090766890226916	test	6
CbG	CbG	0.13972515082389148	0.6047291666666667	test	6
CbG	CbG	0.13839182622740917	0.6025925925925925	test	6
CbG	CbG	0.1379027555365721	0.6033739837398373	test	6
CbG	CbG	0.142652602867211	0.60873262275307	test	6
CbG	CbG	0.14170253798926982	0.6073408268534913	test	6
CbG	CbG	0.14029736794806402	0.6065505173463177	test	6
CbG	CbG	0.14298494308918533	0.613646320093458	test	6
CbG	CbG	0.14178218960123712	0.6146795612009238	test	6
CbG	CbG	0.14027334945615294	0.614208761415525	test	6
CbG	CbG	0.13958938015042258	0.6131735911147675	test	6
CbG	CbG	0.1378845595971855	0.6131448715341332	test	6
CbG	CbG	0.13726435750003677	0.6136196031107535	test	6
CbG	CbG	0.14707542482881183	0.6181850877049583	test	6
CbG	CbG	0.14525316212684256	0.6181336006856294	test	6
CbG	CbG	0.14346094031240847	0.6152802322645796	test	6
CbG	CbG	0.25	0.8888888888888888	tune	6
CbG	CbG	0.25	0.9473684210526316	tune	6
CbG	CbG	0.2875	0.9285714285714286	tune	6
CbG	CbG	0.21016483516483514	0.8378378378378377	tune	6
CbG	CbG	0.13015873015873014	0.7659574468085106	tune	6
CbG	CbG	0.11355825461088619	0.7485380116959065	tune	6
CbG	CbG	0.20213034978112115	0.8068181818181818	tune	6
CbG	CbG	0.22458568878211732	0.786692759295499	tune	6
CbG	CbG	0.22051172650796708	0.802065404475043	tune	6
CbG	CbG	0.20415972758045342	0.7956989247311828	tune	6
CbG	CbG	0.19233012884505457	0.7933425797503466	tune	6
CbG	CbG	0.23186758905753718	0.7367367367367367	tune	6
CbG	CbG	0.20531766400127732	0.6638655462184874	tune	6
CbG	CbG	0.19186044871594324	0.625	tune	6
CbG	CbG	0.1874520585601911	0.6268115942028986	tune	6
CbG	CbG	0.17932856682355014	0.6153846153846154	tune	6
CbG	CbG	0.1671103202183511	0.5617070357554788	tune	6
CbG	CbG	0.15976365343656224	0.5561169252977265	tune	6
CbG	CbG	0.15822586326000596	0.5626614987080103	tune	6
CbG	CbG	0.14075472891740404	0.5705128205128205	tune	6
CbG	CbG	0.13545629138086637	0.5659722222222222	tune	6
CbG	CbG	0.13267110622029543	0.5698569856985699	tune	6
CbG	CbG	0.13095783716825474	0.5767819706498952	tune	6
CbG	CbG	0.14264549397045287	0.5960943081686116	tune	6
CbG	CbG	0.15484863267973228	0.6232064878353087	tune	6
CbG	CbG	0.18259197935793497	0.640183346065699	tune	6
CbG	CbG	0.1798521596348331	0.6407624633431085	tune	6
CbG	CbG	0.19496756521950326	0.6461588541666666	tune	6
CbG	CbG	0.20093295493197866	0.6638490566037736	tune	6
CbG	CbG	0.190100685758272	0.6305792972459638	tune	6
CbG	CbG	0.18573680843633636	0.6193009118541034	tune	6
CbG	CbG	0.173547679405029	0.6003080933759923	tune	6
CbG	CbG	0.1719946764451119	0.6051094054301753	tune	6
CbG	CbG	0.16945768431548264	0.6059430092027942	tune	6
CbG	CbG	0.18161102419878444	0.6166666666666667	tune	6
CbG	CbG	0.17970252989348318	0.6171717171717173	tune	6
CbG	CbG	0.176234875164756	0.6162745098039215	tune	6
CbG	CbG	0.18867245181839307	0.6262131435437657	tune	6
CbG	CbG	0.18540645820136514	0.6226126814362108	tune	6
CbG	CbG	0.18368722454586633	0.6233176451160103	tune	6
CbG	CbG	0.17107305840913628	0.6141270337922403	tune	6
CbG	CbG	0.16361742651425643	0.6112465711673271	tune	6
CbG	CbG	0.15986175374609712	0.6112115732368897	tune	6
CbG	CbG	0.157796650477447	0.6105820105820106	tune	6
CbG	CbG	0.1560211172259047	0.608881239242685	tune	6
CbG	CbG	0.1535204288354887	0.6090084033613445	tune	6
CbG	CbG	0.1519924123347275	0.608144499178982	tune	6
CbG	CbG	0.14698547554647096	0.5969094094094095	tune	6
CbG	CbG	0.13644886330039388	0.58922498657598	tune	6
CbG	CbG	0.13498019569859848	0.5882318603700893	tune	6
CbG	CbG	0.1316013098206184	0.5869378892634707	test	6
CbG	CbG	0.12746637678974165	0.5862011079402384	test	6
CbG	CbG	0.12502405253991256	0.583794748094951	test	6
CbG	CbG	0.12251825680756395	0.5845467734135726	test	6
CbG	CbG	0.11585112553275417	0.580896686159844	test	6
CbG	CbG	0.11492239646810107	0.5810552426231202	test	6
CbG	CbG	0.11344742954708335	0.5805486537193855	test	6
CbG	CbG	0.11166319060080633	0.5809068737245533	test	6
CbG	CbG	0.10868612596641161	0.575848588863463	test	6
CbG	CbG	0.11827397780572363	0.5842857142857143	test	6
CbG	CbG	0.11572266132668972	0.5879806249732092	test	6
CbG	CbG	0.1137553615655631	0.5762481463173504	test	6
CbG	CbG	0.11299341979986516	0.5770165208940718	test	6
CbG	CbG	0.1119971023694806	0.5759276954929129	test	6
CbG	CbG	0.10994350384972573	0.5746005639097744	test	6
CbG	CbG	0.10929542900863325	0.5715392561983471	test	6
CbG	CbG	0.11331675564695998	0.5783822222222221	test	6
CbG	CbG	0.12268915537739075	0.5854478123714167	test	6
CbG	CbG	0.1217456006494855	0.5846948420199838	test	6
CbG	CbG	0.12023356709452743	0.5825355670788459	test	6
CbG	CbG	0.1377071518106872	0.5959529204431017	test	6
CbG	CbG	0.15321174611162855	0.6024209982055415	test	6
CbG	CbG	0.1507868635662617	0.6029548383229945	test	6
CbG	CbG	0.15054537700827786	0.6052753623188406	test	6
CbG	CbG	0.15349871295809314	0.6136213356843729	test	6
CbG	CbG	0.1474030323488104	0.614528568759841	test	6
CbG	CbG	0.14613682188472085	0.6116025243120214	test	6
CbG	CbG	0.14568131671452664	0.6133557800224466	test	6
CbG	CbG	0.1441435467887933	0.6097217068645641	test	6
CbG	CbG	0.14354529529065294	0.6106650396583283	test	6
CbG	CbG	0.14693180092076405	0.6176582038651004	test	6
CbG	CbG	0.14585053867816128	0.6174971952131638	test	6
CbG	CbG	0.1465631193817554	0.6211161798415833	test	6
CbG	CbG	0.1482148705448794	0.6224310423403285	test	6
CbG	CbG	0.1446337987900753	0.6213975015534937	test	6
CbG	CbG	0.14274583962124293	0.6190208333333334	test	6
CbG	CbG	0.14151291132673854	0.6174279835390947	test	6
CbG	CbG	0.141051286897317	0.6182113821138211	test	6
CbG	CbG	0.14106867815922597	0.6210326484605193	test	6
CbG	CbG	0.13958816225653042	0.6180999307106012	test	6
CbG	CbG	0.1385780008435837	0.6173729458307974	test	6
CbG	CbG	0.14799671195751352	0.623923043224299	test	6
CbG	CbG	0.14733953505958516	0.6255412817551963	test	6
CbG	CbG	0.143873780983838	0.6246789383561643	test	6
CbG	CbG	0.14395375358616017	0.623406005758947	test	6
CbG	CbG	0.14308938133087135	0.6239068537726257	test	6
CbG	CbG	0.14150140935880517	0.6240111289890052	test	6
CbG	CbG	0.14550685790114623	0.628369652286214	test	6
CbG	CbG	0.1443321998767893	0.6286444268365649	test	6
CbG	CbG	0.14180386950177204	0.6317217874274174	test	6
CbG	CbG	0.25	0.8888888888888888	tune	6
CbG	CbG	0.25	0.9473684210526316	tune	6
CbG	CbG	0.2583333333333333	0.9107142857142858	tune	6
CbG	CbG	0.22824074074074074	0.8648648648648648	tune	6
CbG	CbG	0.1238562091503268	0.7801418439716312	tune	6
CbG	CbG	0.10447330447330447	0.760233918128655	tune	6
CbG	CbG	0.13301103988603988	0.7916666666666666	tune	6
CbG	CbG	0.14709499023155848	0.7201565557729941	tune	6
CbG	CbG	0.1435286514858921	0.7418244406196213	tune	6
CbG	CbG	0.12949695917054502	0.7373271889400921	tune	6
CbG	CbG	0.11458945253876224	0.7392510402219139	tune	6
CbG	CbG	0.127623118376763	0.6876876876876876	tune	6
CbG	CbG	0.12065707513537047	0.6233766233766234	tune	6
CbG	CbG	0.11510276907524324	0.6119791666666667	tune	6
CbG	CbG	0.10731085813543141	0.6111111111111112	tune	6
CbG	CbG	0.10490350339984611	0.6064887493458921	tune	6
CbG	CbG	0.12051144024531693	0.60399846212995	tune	6
CbG	CbG	0.11220143108915857	0.596535546734031	tune	6
CbG	CbG	0.11144768560924376	0.5936692506459949	tune	6
CbG	CbG	0.1053310867104619	0.5961538461538461	tune	6
CbG	CbG	0.10017592728824797	0.5928819444444444	tune	6
CbG	CbG	0.09658263089467006	0.5943344334433444	tune	6
CbG	CbG	0.09419030436763662	0.59958071278826	tune	6
CbG	CbG	0.10658769701793899	0.6189568944986901	tune	6
CbG	CbG	0.1244042205396147	0.6506550218340611	tune	6
CbG	CbG	0.12750803689033535	0.657563025210084	tune	6
CbG	CbG	0.12466968484988751	0.6581744868035191	tune	6
CbG	CbG	0.14419908795865072	0.6668294270833334	tune	6
CbG	CbG	0.15459291644249062	0.6845283018867925	tune	6
CbG	CbG	0.14795424885494837	0.6449599782933115	tune	6
CbG	CbG	0.14487929198040822	0.6324721377912866	tune	6
CbG	CbG	0.1393572716099895	0.6158312596279181	tune	6
CbG	CbG	0.1376818707312784	0.619887730553328	tune	6
CbG	CbG	0.13440597546538596	0.6192482536866615	tune	6
CbG	CbG	0.14528713905834975	0.6301041666666667	tune	6
CbG	CbG	0.1416023377297958	0.63	tune	6
CbG	CbG	0.13910410479794993	0.6291176470588236	tune	6
CbG	CbG	0.1424283108512176	0.6358258619096036	tune	6
CbG	CbG	0.1403400248592627	0.6277056277056278	tune	6
CbG	CbG	0.1387236617797488	0.6290149450912396	tune	6
CbG	CbG	0.1347093239867774	0.6153003754693367	tune	6
CbG	CbG	0.13164789205418817	0.6131514782078634	tune	6
CbG	CbG	0.13030165300695404	0.6093309222423147	tune	6
CbG	CbG	0.1274551790166355	0.6083245149911816	tune	6
CbG	CbG	0.125738207509223	0.6078485370051635	tune	6
CbG	CbG	0.11954621248586106	0.6057815126050421	tune	6
CbG	CbG	0.11769928834331632	0.60440065681445	tune	6
CbG	CbG	0.11382599273415259	0.589964964964965	tune	6
CbG	CbG	0.10800247610295427	0.578187458982161	tune	6
CbG	CbG	0.10648425989501169	0.5777245928433834	tune	6
CbG	CbG	0.10491188551475689	0.5769956002514142	test	6
CbG	CbG	0.10235484133796173	0.5766325331542722	test	6
CbG	CbG	0.10070241058404189	0.5748040129378871	test	6
CbG	CbG	0.09943623205605813	0.5764332921390576	test	6
CbG	CbG	0.09521988160028506	0.573784310626416	test	6
CbG	CbG	0.09406727873294647	0.5751640742080513	test	6
CbG	CbG	0.09163791829795742	0.5732467927589879	test	6
CbG	CbG	0.08991265329398383	0.574685182419989	test	6
CbG	CbG	0.08861581187568113	0.5737986270022883	test	6
CbG	CbG	0.09854395146170856	0.5865625	test	6
CbG	CbG	0.1039086081016618	0.5941103347764586	test	6
CbG	CbG	0.10227370313928842	0.5831273685944967	test	6
CbG	CbG	0.10143879305774656	0.5830903790087463	test	6
CbG	CbG	0.0998699923154076	0.5808647873865266	test	6
CbG	CbG	0.0958000232164341	0.5783991228070176	test	6
CbG	CbG	0.0960122977441172	0.5796930342384887	test	6
CbG	CbG	0.10583953230547881	0.58624	test	6
CbG	CbG	0.11286116382120118	0.5937800027431079	test	6
CbG	CbG	0.11159150934058203	0.5938765865514447	test	6
CbG	CbG	0.11026337954339595	0.5923414439569206	test	6
CbG	CbG	0.1295712457333503	0.609076032225579	test	6
CbG	CbG	0.16006370128954853	0.6158034003467259	test	6
CbG	CbG	0.15906166028950638	0.6161107614852108	test	6
CbG	CbG	0.16198448469135432	0.6215362318840579	test	6
CbG	CbG	0.16384141701187685	0.6289122768349129	test	6
CbG	CbG	0.15247423566676885	0.6298203944383657	test	6
CbG	CbG	0.15178551824630765	0.6305865921787709	test	6
CbG	CbG	0.15057055049328033	0.6318232833384348	test	6
CbG	CbG	0.14912390402418127	0.6303030303030304	test	6
CbG	CbG	0.14869442888343157	0.6319707138499085	test	6
CbG	CbG	0.15164418885340314	0.6382152330428192	test	6
CbG	CbG	0.15106095662370211	0.6388135751682873	test	6
CbG	CbG	0.15071299282630535	0.640044483783845	test	6
CbG	CbG	0.15333551527968797	0.6443065170685128	test	6
CbG	CbG	0.1494352476436225	0.6429107116072768	test	6
CbG	CbG	0.14635111170240592	0.6390625000000001	test	6
CbG	CbG	0.14514917983324618	0.6371810699588477	test	6
CbG	CbG	0.14467351276457835	0.6378861788617886	test	6
CbG	CbG	0.14978442160055533	0.6429235302260279	test	6
CbG	CbG	0.14880343564984136	0.6413888675032721	test	6
CbG	CbG	0.14722060931670555	0.6403682288496653	test	6
CbG	CbG	0.15360537823960105	0.6480359228971964	test	6
CbG	CbG	0.15189644566666385	0.6488524826789838	test	6
CbG	CbG	0.14951044177392175	0.6479023972602739	test	6
CbG	CbG	0.14855474593019352	0.6449849170437406	test	6
CbG	CbG	0.14720492286301493	0.6451257541861569	test	6
CbG	CbG	0.14641679205596547	0.645364038616251	test	6
CbG	CbG	0.1536922679207077	0.6495725098494384	test	6
CbG	CbG	0.15131033504666797	0.6492618165941689	test	6
CbG	CbG	0.14947157451542042	0.6480686695278971	test	6
CbG	CbG	0.25	0.8888888888888888	tune	11
CbG	CbG	0.25	0.9473684210526316	tune	11
CbG	CbG	0.3333333333333333	0.9464285714285715	tune	11
CbG	CbG	0.28234126984126984	0.9099099099099099	tune	11
CbG	CbG	0.13000610500610502	0.8085106382978724	tune	11
CbG	CbG	0.10213196389666979	0.7777777777777778	tune	11
CbG	CbG	0.10828332486227223	0.7651515151515152	tune	11
CbG	CbG	0.12601394999851576	0.6731898238747553	tune	11
CbG	CbG	0.12058207715622642	0.6901893287435457	tune	11
CbG	CbG	0.10792294627389315	0.6897081413210444	tune	11
CbG	CbG	0.09928737161503987	0.6920943134535367	tune	11
CbG	CbG	0.11192025789816856	0.6496496496496497	tune	11
CbG	CbG	0.10713011440770286	0.5844155844155845	tune	11
CbG	CbG	0.10657617843791156	0.5891927083333333	tune	11
CbG	CbG	0.10009511348635301	0.5905797101449275	tune	11
CbG	CbG	0.09741376859512796	0.5839874411302983	tune	11
CbG	CbG	0.11489129194000663	0.5866974240676662	tune	11
CbG	CbG	0.10566531768944679	0.5784915193071093	tune	11
CbG	CbG	0.10422410375598098	0.5726744186046512	tune	11
CbG	CbG	0.09924204362222833	0.5763125763125763	tune	11
CbG	CbG	0.09436836977758327	0.5740740740740741	tune	11
CbG	CbG	0.0902660309860791	0.5734323432343233	tune	11
CbG	CbG	0.0875568778835647	0.5778301886792453	tune	11
CbG	CbG	0.09598477805219223	0.5965706120504882	tune	11
CbG	CbG	0.11117829731674755	0.6286130172593054	tune	11
CbG	CbG	0.11198228142472538	0.6296791443850267	tune	11
CbG	CbG	0.10905089462486453	0.6310483870967742	tune	11
CbG	CbG	0.12689939829236818	0.6399739583333334	tune	11
CbG	CbG	0.13839470844141566	0.6602264150943397	tune	11
CbG	CbG	0.132211942487063	0.6185049518382851	tune	11
CbG	CbG	0.13042208939401018	0.6105623100303952	tune	11
CbG	CbG	0.12673297727467037	0.5984121341391161	tune	11
CbG	CbG	0.1251282068805936	0.6025890709130485	tune	11
CbG	CbG	0.1215836387739853	0.6020623128949993	tune	11
CbG	CbG	0.13399759313701165	0.6138541666666667	tune	11
CbG	CbG	0.13104742406739778	0.6138383838383837	tune	11
CbG	CbG	0.12832645986373029	0.6124509803921568	tune	11
CbG	CbG	0.1299161327020475	0.6177095849893706	tune	11
CbG	CbG	0.12898467030648256	0.6136151430269078	tune	11
CbG	CbG	0.12729686144926794	0.6148955495004541	tune	11
CbG	CbG	0.12362475460408778	0.6004380475594493	tune	11
CbG	CbG	0.12065092578223038	0.5979122218835721	tune	11
CbG	CbG	0.11984419799058837	0.595877034358047	tune	11
CbG	CbG	0.1168349208620657	0.5952028218694886	tune	11
CbG	CbG	0.11505037680815478	0.5951807228915663	tune	11
CbG	CbG	0.10960704544206375	0.5925378151260504	tune	11
CbG	CbG	0.10764573615495296	0.5910016420361248	tune	11
CbG	CbG	0.10413767224256498	0.575075075075075	tune	11
CbG	CbG	0.0987939602078514	0.5627349203508145	tune	11
CbG	CbG	0.09735368257153428	0.5624890549296597	tune	11
CbG	CbG	0.09573743529741124	0.5611107936689332	test	11
CbG	CbG	0.093570795893684	0.5611885177102569	test	11
CbG	CbG	0.09170767213971517	0.5595636204155474	test	11
CbG	CbG	0.09049944526956438	0.5613346945354898	test	11
CbG	CbG	0.0863894535270522	0.5590854011906644	test	11
CbG	CbG	0.08523290716816856	0.5604361531703788	test	11
CbG	CbG	0.08300896579113633	0.5584402413670706	test	11
CbG	CbG	0.081612830345191	0.5600517644716541	test	11
CbG	CbG	0.08069013706895635	0.558066361556064	test	11
CbG	CbG	0.09011740175257452	0.5739285714285713	test	11
CbG	CbG	0.09501573378373296	0.5815508594453256	test	11
CbG	CbG	0.09356430087276854	0.5716345361674081	test	11
CbG	CbG	0.0926551869269365	0.5711451247165532	test	11
CbG	CbG	0.09125822290456188	0.5692387322822106	test	11
CbG	CbG	0.0871901534931235	0.5662985588972431	test	11
CbG	CbG	0.08859253232303621	0.5694731404958678	test	11
CbG	CbG	0.115533887712912	0.576	test	11
CbG	CbG	0.12209427150122285	0.5831847483198463	test	11
CbG	CbG	0.12058161610709238	0.5828382392654605	test	11
CbG	CbG	0.11948876442966867	0.5821366839516021	test	11
CbG	CbG	0.1378028152151474	0.5996034743202417	test	11
CbG	CbG	0.1614413033064513	0.6063140606466133	test	11
CbG	CbG	0.1603242253217497	0.606550990440229	test	11
CbG	CbG	0.16240823363385298	0.6121159420289854	test	11
CbG	CbG	0.16371145086355704	0.6191866872382632	test	11
CbG	CbG	0.1504445969558333	0.6211737076672628	test	11
CbG	CbG	0.14985356111319048	0.6225946617008069	test	11
CbG	CbG	0.14896274984394062	0.6236863585348433	test	11
CbG	CbG	0.14716778012475873	0.6207297464440322	test	11
CbG	CbG	0.14674291916307552	0.6226479560707749	test	11
CbG	CbG	0.1483530001454067	0.6285287987874195	test	11
CbG	CbG	0.14789415113357363	0.6295577786088258	test	11
CbG	CbG	0.14704634398582378	0.6292866707519121	test	11
CbG	CbG	0.1494306545289308	0.6322619848521018	test	11
CbG	CbG	0.1459628092661531	0.6308684565771712	test	11
CbG	CbG	0.1432724720256961	0.6263541666666667	test	11
CbG	CbG	0.14201033418127082	0.6244855967078189	test	11
CbG	CbG	0.14154910153180814	0.6252439024390244	test	11
CbG	CbG	0.14673770198163033	0.6303071051434673	test	11
CbG	CbG	0.14564836986873608	0.6289552698437139	test	11
CbG	CbG	0.1439627741809419	0.628195374315277	test	11
CbG	CbG	0.14881210367067169	0.6360981308411214	test	11
CbG	CbG	0.1472511273262879	0.6366375577367205	test	11
CbG	CbG	0.14570359476262712	0.6362014840182649	test	11
CbG	CbG	0.1448677672801937	0.6343068696009871	test	11
CbG	CbG	0.14303376912241578	0.6343468239441393	test	11
CbG	CbG	0.1424668598480974	0.6347881469562885	test	11
CbG	CbG	0.1509161569892338	0.6391590786483792	test	11
CbG	CbG	0.14875228591044454	0.6389126954609401	test	11
CbG	CbG	0.14688449938339126	0.6354929310780106	test	11
CbG	CbG	0.25	0.8888888888888888	tune	11
CbG	CbG	0.25	0.9473684210526316	tune	11
CbG	CbG	0.23809523809523808	0.8928571428571428	tune	11
CbG	CbG	0.25925925925925924	0.8918918918918919	tune	11
CbG	CbG	0.19232804232804235	0.8510638297872342	tune	11
CbG	CbG	0.1647976779555727	0.8304093567251463	tune	11
CbG	CbG	0.2017113095238095	0.8636363636363636	tune	11
CbG	CbG	0.20003124741472478	0.7827788649706457	tune	11
CbG	CbG	0.19872160220791357	0.8055077452667814	tune	11
CbG	CbG	0.19327153558291665	0.8125960061443932	tune	11
CbG	CbG	0.16091108360845202	0.8072122052704577	tune	11
CbG	CbG	0.2123539076948785	0.7847847847847849	tune	11
CbG	CbG	0.2035069866916024	0.7417876241405654	tune	11
CbG	CbG	0.1749804725712143	0.7102864583333333	tune	11
CbG	CbG	0.1569314333850672	0.7047101449275363	tune	11
CbG	CbG	0.14861766196036114	0.6776556776556777	tune	11
CbG	CbG	0.1672991686913703	0.6816608996539792	tune	11
CbG	CbG	0.15875850488869686	0.678094550703717	tune	11
CbG	CbG	0.16334968228971802	0.6879844961240309	tune	11
CbG	CbG	0.15538945138718557	0.684981684981685	tune	11
CbG	CbG	0.14891407781775273	0.6834490740740741	tune	11
CbG	CbG	0.14416707383065053	0.6828932893289329	tune	11
CbG	CbG	0.1415893909191698	0.6850104821802936	tune	11
CbG	CbG	0.13718887976815014	0.6723029292688735	tune	11
CbG	CbG	0.15249684918305184	0.6837180286961946	tune	11
CbG	CbG	0.15864549989248802	0.6904125286478228	tune	11
CbG	CbG	0.15515750860570326	0.6904325513196482	tune	11
CbG	CbG	0.22408025569681628	0.7096354166666667	tune	11
CbG	CbG	0.2285281932015674	0.7201509433962263	tune	11
CbG	CbG	0.22532466412035282	0.7051960385293718	tune	11
CbG	CbG	0.2236560263347543	0.7092198581560283	tune	11
CbG	CbG	0.22121070091277098	0.7107477189240431	tune	11
CbG	CbG	0.21792733503503242	0.7130255470271508	tune	11
CbG	CbG	0.21695822145621965	0.717485308792549	tune	11
CbG	CbG	0.2327950155519087	0.7251041666666667	tune	11
CbG	CbG	0.22836872679471013	0.7230303030303031	tune	11
CbG	CbG	0.22366277100317367	0.7201960784313726	tune	11
CbG	CbG	0.22342418693878038	0.7247435067936039	tune	11
CbG	CbG	0.21552169250947123	0.7102962397080045	tune	11
CbG	CbG	0.21375914310773955	0.7117496490793493	tune	11
CbG	CbG	0.21201158820425953	0.7133917396745931	tune	11
CbG	CbG	0.20989401739732225	0.7137305699481865	tune	11
CbG	CbG	0.20430919418516771	0.6988065099457504	tune	11
CbG	CbG	0.1998269892750233	0.6970723104056438	tune	11
CbG	CbG	0.1963580017113411	0.6946643717728055	tune	11
CbG	CbG	0.18753480760420682	0.6921008403361344	tune	11
CbG	CbG	0.18508567458618919	0.6915599343185549	tune	11
CbG	CbG	0.18130898531057532	0.6823073073073073	tune	11
CbG	CbG	0.17553874861101912	0.6687548475627947	tune	11
CbG	CbG	0.1738126108132274	0.6696631837020606	tune	11
CbG	CbG	0.17216661182098658	0.6701331352494144	test	11
CbG	CbG	0.16721743361194064	0.6695204521291478	test	11
CbG	CbG	0.16548016096974533	0.6678910147469984	test	11
CbG	CbG	0.16458581107474085	0.6704637042609211	test	11
CbG	CbG	0.1608821600090199	0.6700384595121437	test	11
CbG	CbG	0.15994723667018468	0.6715415224019431	test	11
CbG	CbG	0.15768638104599914	0.6701992799553775	test	11
CbG	CbG	0.15688304037045844	0.6714946991190086	test	11
CbG	CbG	0.1549096081686016	0.669717772692601	test	11
CbG	CbG	0.1707251167865013	0.6803125	test	11
CbG	CbG	0.18354203158986257	0.6872133396202152	test	11
CbG	CbG	0.1877966677439755	0.6915472071181414	test	11
CbG	CbG	0.18707700782224354	0.6924198250728864	test	11
CbG	CbG	0.18458807274965858	0.6911530498487021	test	11
CbG	CbG	0.18015226551161037	0.688048245614035	test	11
CbG	CbG	0.1810787496573202	0.6925914994096812	test	11
CbG	CbG	0.18266291733680218	0.6949688888888889	test	11
CbG	CbG	0.19127725024774295	0.6996296804279248	test	11
CbG	CbG	0.18676223885034232	0.6980488792870646	test	11
CbG	CbG	0.1834511725579836	0.6955192128706289	test	11
CbG	CbG	0.20956648913759093	0.7081759818731118	test	11
CbG	CbG	0.23240066243412527	0.7117308920587609	test	11
CbG	CbG	0.23144668425801843	0.7120381192124428	test	11
CbG	CbG	0.22871078980282977	0.7095072463768116	test	11
CbG	CbG	0.22811746930323737	0.7123649988979501	test	11
CbG	CbG	0.1938196927608877	0.7151930826505831	test	11
CbG	CbG	0.1922224907734066	0.7153941651148354	test	11
CbG	CbG	0.19055558937326278	0.7150035710641771	test	11
CbG	CbG	0.1880058688058262	0.7111193568336425	test	11
CbG	CbG	0.18711387565336488	0.7114826113483832	test	11
CbG	CbG	0.189457917937392	0.7160382720727548	test	11
CbG	CbG	0.18684531465086582	0.7145194465220643	test	11
CbG	CbG	0.1873401545093902	0.7165974444520097	test	11
CbG	CbG	0.19505777228891202	0.7253412617461317	test	11
CbG	CbG	0.19171540340683882	0.7239923718099809	test	11
CbG	CbG	0.18750544750092496	0.7179791666666666	test	11
CbG	CbG	0.1845260609134354	0.7162962962962963	test	11
CbG	CbG	0.1835095044023199	0.7169105691056911	test	11
CbG	CbG	0.18600611819328694	0.7202238525578911	test	11
CbG	CbG	0.1852676169571164	0.7225921933944107	test	11
CbG	CbG	0.1836814416004938	0.7212986914181375	test	11
CbG	CbG	0.195729908893126	0.7282965829439251	test	11
CbG	CbG	0.19376740240833085	0.7279698325635104	test	11
CbG	CbG	0.18927993081005512	0.7247074771689498	test	11
CbG	CbG	0.18741274202063246	0.7189942410530646	test	11
CbG	CbG	0.18679463725357287	0.7196122296793438	test	11
CbG	CbG	0.18547346535877304	0.7192611960311075	test	11
CbG	CbG	0.1928016808417101	0.7226136567981559	test	11
CbG	CbG	0.18984957762534116	0.7220290745621837	test	11
CbG	CbG	0.18807432768148732	0.7229392830093411	test	11
CbG	CbG	0.25	0.8888888888888888	tune	11
CbG	CbG	0.25	0.9473684210526316	tune	11
CbG	CbG	0.3333333333333333	0.9464285714285715	tune	11
CbG	CbG	0.25595238095238093	0.8918918918918919	tune	11
CbG	CbG	0.12854180133591897	0.7943262411347518	tune	11
CbG	CbG	0.10858939535410123	0.7777777777777779	tune	11
CbG	CbG	0.1296582584082584	0.7992424242424243	tune	11
CbG	CbG	0.13940426953811708	0.7005870841487281	tune	11
CbG	CbG	0.13674074219842314	0.7280550774526678	tune	11
CbG	CbG	0.1254470654677205	0.7281105990783411	tune	11
CbG	CbG	0.11182193443509364	0.726768377253814	tune	11
CbG	CbG	0.1464816526579627	0.6876876876876876	tune	11
CbG	CbG	0.1396144300849102	0.6432391138273491	tune	11
CbG	CbG	0.13027511488324728	0.6282552083333334	tune	11
CbG	CbG	0.12088772007127331	0.6243961352657005	tune	11
CbG	CbG	0.11658632640093189	0.6080586080586081	tune	11
CbG	CbG	0.13587263448476272	0.6193771626297577	tune	11
CbG	CbG	0.12924908059470874	0.6149404547094912	tune	11
CbG	CbG	0.12814965676682943	0.6124031007751938	tune	11
CbG	CbG	0.12182404501243375	0.6163003663003663	tune	11
CbG	CbG	0.11692036510712289	0.6128472222222222	tune	11
CbG	CbG	0.11195893361924424	0.6124862486248625	tune	11
CbG	CbG	0.10869094695134665	0.6126834381551363	tune	11
CbG	CbG	0.11636315767414263	0.6275303643724696	tune	11
CbG	CbG	0.13485667639508975	0.6504470783946766	tune	11
CbG	CbG	0.13450200669961088	0.6510695187165775	tune	11
CbG	CbG	0.13184496527676565	0.6523093841642229	tune	11
CbG	CbG	0.1551686113943308	0.66455078125	tune	11
CbG	CbG	0.16878222346876376	0.6809056603773586	tune	11
CbG	CbG	0.16345472636600195	0.6528286528286528	tune	11
CbG	CbG	0.1619704675937213	0.6521023302938197	tune	11
CbG	CbG	0.1585073508422199	0.643796658371845	tune	11
CbG	CbG	0.15680737395544436	0.6472677282621149	tune	11
CbG	CbG	0.154137973245696	0.6484089145138041	tune	11
CbG	CbG	0.1674321376327609	0.6570833333333332	tune	11
CbG	CbG	0.16458389405502388	0.656969696969697	tune	11
CbG	CbG	0.16114934201430398	0.6539215686274509	tune	11
CbG	CbG	0.16189702513495988	0.6584712080598947	tune	11
CbG	CbG	0.15840565167697865	0.6500297088532383	tune	11
CbG	CbG	0.1566686758737143	0.6513087276030055	tune	11
CbG	CbG	0.15343184984900282	0.6426001251564456	tune	11
CbG	CbG	0.15145712633996605	0.6423346540688816	tune	11
CbG	CbG	0.14882516720619307	0.6351537070524412	tune	11
CbG	CbG	0.1463988818801435	0.6342857142857143	tune	11
CbG	CbG	0.14381892634969812	0.6320826161790017	tune	11
CbG	CbG	0.13437503859879915	0.629109243697479	tune	11
CbG	CbG	0.13219718879820325	0.6278489326765189	tune	11
CbG	CbG	0.12892640048118395	0.61498998998999	tune	11
CbG	CbG	0.12275005647881208	0.6024700196885627	tune	11
CbG	CbG	0.12124736043410538	0.6037008931177398	tune	11
CbG	CbG	0.11984303626423959	0.6033940917661847	test	11
CbG	CbG	0.11587177916028316	0.6043869956913436	test	11
CbG	CbG	0.11409616252596572	0.6022147908557645	test	11
CbG	CbG	0.11349430282088492	0.6058245123851487	test	11
CbG	CbG	0.10958097589490899	0.6042884990253411	test	11
CbG	CbG	0.10871938056853454	0.6065836390884192	test	11
CbG	CbG	0.10688892127826269	0.6055473860351909	test	11
CbG	CbG	0.10537510621758242	0.6072868448559057	test	11
CbG	CbG	0.10473843782040444	0.6072654462242564	test	11
CbG	CbG	0.12289905041511139	0.6235714285714286	test	11
CbG	CbG	0.13722535905815306	0.6313601097346649	test	11
CbG	CbG	0.13646603738968802	0.6307464162135442	test	11
CbG	CbG	0.13566267712029176	0.6311953352769679	test	11
CbG	CbG	0.13406184460593276	0.629041248606466	test	11
CbG	CbG	0.12995814975717207	0.6257048872180452	test	11
CbG	CbG	0.13085965323562132	0.6300914994096812	test	11
CbG	CbG	0.16104069863687023	0.6347733333333333	test	11
CbG	CbG	0.1692515426369643	0.6415443697709505	test	11
CbG	CbG	0.1672500117812565	0.6408317580340265	test	11
CbG	CbG	0.1658538250870732	0.6393764127110757	test	11
CbG	CbG	0.18980479763150632	0.6539526686807653	test	11
CbG	CbG	0.20004063175050482	0.6592049636546125	test	11
CbG	CbG	0.19929024451710242	0.6601036890527137	test	11
CbG	CbG	0.2033770715581553	0.6656811594202898	test	11
CbG	CbG	0.2045547053528526	0.6716718095657923	test	11
CbG	CbG	0.18821345655931948	0.6737743855248058	test	11
CbG	CbG	0.1870350865495013	0.6743223670597972	test	11
CbG	CbG	0.18509543075695734	0.6749056218753189	test	11
CbG	CbG	0.18353931719813021	0.6746815089672232	test	11
CbG	CbG	0.1830596262086531	0.676046369737645	test	11
CbG	CbG	0.18509714922740372	0.6808450170519136	test	11
CbG	CbG	0.18431699367717785	0.6813528421839941	test	11
CbG	CbG	0.1847001675764591	0.6839381766187784	test	11
CbG	CbG	0.1870106979037239	0.6904446711083141	test	11
CbG	CbG	0.1826223630424198	0.6893441042233603	test	11
CbG	CbG	0.17827479140907887	0.6831041666666666	test	11
CbG	CbG	0.1770265411814267	0.6812139917695473	test	11
CbG	CbG	0.1766638644356303	0.6827642276422764	test	11
CbG	CbG	0.18676961033694228	0.6874962921948229	test	11
CbG	CbG	0.1862929130881041	0.6891985526214489	test	11
CbG	CbG	0.18393948757493006	0.6881847230675593	test	11
CbG	CbG	0.18853916484220892	0.6954037675233645	test	11
CbG	CbG	0.18709809012770995	0.6957635681293304	test	11
CbG	CbG	0.18472462079064136	0.6948844178082193	test	11
CbG	CbG	0.18355022593194875	0.6931989579048403	test	11
CbG	CbG	0.1826821146073158	0.6938851603281133	test	11
CbG	CbG	0.1820938265315278	0.6941706891928131	test	11
CbG	CbG	0.1899044349347844	0.6974873714668716	test	11
CbG	CbG	0.1875418996803883	0.6965767047751492	test	11
CbG	CbG	0.18607709581448584	0.6957523352688715	test	11
CbG	CbG	1.0	1.0	tune	16
CbG	CbG	1.0	1.0	tune	16
CbG	CbG	0.6625	0.9464285714285715	tune	16
CbG	CbG	0.5323412698412698	0.918918918918919	tune	16
CbG	CbG	0.2014245014245014	0.8652482269503546	tune	16
CbG	CbG	0.1314416792357969	0.8362573099415205	tune	16
CbG	CbG	0.2025062656641604	0.875	tune	16
CbG	CbG	0.16537482375453638	0.7005870841487281	tune	16
CbG	CbG	0.16313611318511145	0.7246127366609294	tune	16
CbG	CbG	0.1478448116694671	0.728110599078341	tune	16
CbG	CbG	0.12841968715635127	0.723994452149792	tune	16
CbG	CbG	0.2651211957159413	0.7467467467467468	tune	16
CbG	CbG	0.25074587833366846	0.7181054239877769	tune	16
CbG	CbG	0.232908196249829	0.712890625	tune	16
CbG	CbG	0.15596967394957387	0.7059178743961353	tune	16
CbG	CbG	0.14904067583705993	0.684981684981685	tune	16
CbG	CbG	0.16904985704014858	0.6955017301038062	tune	16
CbG	CbG	0.1612846590683195	0.692168892096716	tune	16
CbG	CbG	0.16214198909837546	0.6973514211886305	tune	16
CbG	CbG	0.15516660679826993	0.6944444444444444	tune	16
CbG	CbG	0.14891895604817407	0.6903935185185186	tune	16
CbG	CbG	0.14298031220978122	0.6892189218921893	tune	16
CbG	CbG	0.1393411560105945	0.6894654088050315	tune	16
CbG	CbG	0.14014388201008132	0.6944510597761372	tune	16
CbG	CbG	0.15087920336758898	0.7040964857558744	tune	16
CbG	CbG	0.14689204735855543	0.6963330786860198	tune	16
CbG	CbG	0.14282271320687012	0.6962976539589443	tune	16
CbG	CbG	0.21013113315510307	0.716796875	tune	16
CbG	CbG	0.21931789877283003	0.7284528301886792	tune	16
CbG	CbG	0.21810171966905872	0.7099443766110433	tune	16
CbG	CbG	0.21329603003736258	0.6984549138804458	tune	16
CbG	CbG	0.21178313582365393	0.7019789074534897	tune	16
CbG	CbG	0.20783941640526699	0.701913163019819	tune	16
CbG	CbG	0.20604991826427016	0.7045126954207783	tune	16
CbG	CbG	0.2212811383333709	0.7090624999999999	tune	16
CbG	CbG	0.21739922911143258	0.7071717171717172	tune	16
CbG	CbG	0.2114861263101554	0.7026470588235295	tune	16
CbG	CbG	0.20897325364574876	0.7045013402347722	tune	16
CbG	CbG	0.19945760585729067	0.6878872761225702	tune	16
CbG	CbG	0.19799440705230809	0.690033853521592	tune	16
CbG	CbG	0.19760788378778082	0.6936013767209012	tune	16
CbG	CbG	0.1955637951564826	0.694452910697958	tune	16
CbG	CbG	0.19115586049304625	0.6802893309222423	tune	16
CbG	CbG	0.18823154842635179	0.6797883597883598	tune	16
CbG	CbG	0.18514072650964186	0.6770395869191049	tune	16
CbG	CbG	0.1709426931555536	0.6737478991596639	tune	16
CbG	CbG	0.16893007587685463	0.6740886699507389	tune	16
CbG	CbG	0.16540804583025875	0.662474974974975	tune	16
CbG	CbG	0.15864497259638838	0.6496629079410536	tune	16
CbG	CbG	0.15667953903923604	0.6503998599030997	tune	16
CbG	CbG	0.15525467609001956	0.6508199531455345	test	16
CbG	CbG	0.151591875000856	0.6507190420233898	test	16
CbG	CbG	0.14947718108561242	0.6485390055369772	test	16
CbG	CbG	0.14863347233378008	0.6510128418677126	test	16
CbG	CbG	0.14540520463418938	0.651862388704494	test	16
CbG	CbG	0.1446022513082249	0.6532478941656762	test	16
CbG	CbG	0.14255163890344905	0.6528066528066528	test	16
CbG	CbG	0.14170615435542808	0.6548703399532129	test	16
CbG	CbG	0.13908912759745964	0.6464054157131961	test	16
CbG	CbG	0.15302527960493725	0.6596428571428571	test	16
CbG	CbG	0.18538233803265933	0.6672810664837755	test	16
CbG	CbG	0.18605615507668913	0.6712390838688416	test	16
CbG	CbG	0.18514274775984502	0.671242306446388	test	16
CbG	CbG	0.18265789839519833	0.6690555820990604	test	16
CbG	CbG	0.14790049730131383	0.6652177318295739	test	16
CbG	CbG	0.15280486398961104	0.6678350059031878	test	16
CbG	CbG	0.15696508769959328	0.6711822222222222	test	16
CbG	CbG	0.16646646241859553	0.6767933068166232	test	16
CbG	CbG	0.16232139665002632	0.6759046718876587	test	16
CbG	CbG	0.1605511529567574	0.6737136019146389	test	16
CbG	CbG	0.17820499931741032	0.6869335347432024	test	16
CbG	CbG	0.2003206549361137	0.6911402414915295	test	16
CbG	CbG	0.19956233896012074	0.6923491863705834	test	16
CbG	CbG	0.20056128805814336	0.6969275362318841	test	16
CbG	CbG	0.20177759994255015	0.7013720520167512	test	16
CbG	CbG	0.19314344455037327	0.7047583464545915	test	16
CbG	CbG	0.1918393956713603	0.7055659010966273	test	16
CbG	CbG	0.18939553363316666	0.7053361901846751	test	16
CbG	CbG	0.18760220892645962	0.7056029684601113	test	16
CbG	CbG	0.1868655001645504	0.7062843197071385	test	16
CbG	CbG	0.18913518214804664	0.7104253505115574	test	16
CbG	CbG	0.18672813054297524	0.7104057591623036	test	16
CbG	CbG	0.18604449338676982	0.7111504505117905	test	16
CbG	CbG	0.19126056263041646	0.7190477223898089	test	16
CbG	CbG	0.18891061081135904	0.7177355417943388	test	16
CbG	CbG	0.1836785321379805	0.71175	test	16
CbG	CbG	0.18183810017242036	0.7102263374485597	test	16
CbG	CbG	0.18115587663898955	0.7114024390243903	test	16
CbG	CbG	0.18525634832785515	0.7155174118531116	test	16
CbG	CbG	0.18247406926085694	0.7168180768342444	test	16
CbG	CbG	0.18068381105922893	0.7151552038953135	test	16
CbG	CbG	0.18309273794067163	0.7194618866822431	test	16
CbG	CbG	0.180716649751336	0.7191108545034642	test	16
CbG	CbG	0.17696995435575824	0.7173408961187214	test	16
CbG	CbG	0.17570622503903038	0.7147607294666118	test	16
CbG	CbG	0.1743894431260038	0.7145617246288387	test	16
CbG	CbG	0.17361787972199008	0.7140989541432019	test	16
CbG	CbG	0.18310812157846668	0.7175622435467787	test	16
CbG	CbG	0.17982243680506782	0.7165149334583852	test	16
CbG	CbG	0.17824054996554206	0.7151129765210805	test	16
CbG	CbG	1.0	1.0	tune	16
CbG	CbG	1.0	1.0	tune	16
CbG	CbG	0.5982142857142857	0.8928571428571428	tune	16
CbG	CbG	0.501010101010101	0.8918918918918919	tune	16
CbG	CbG	0.1990546218487395	0.851063829787234	tune	16
CbG	CbG	0.17077922077922078	0.8362573099415205	tune	16
CbG	CbG	0.16230248917748918	0.8106060606060607	tune	16
CbG	CbG	0.1453505873974686	0.6771037181996087	tune	16
CbG	CbG	0.14194622169783971	0.7022375215146299	tune	16
CbG	CbG	0.13593904586816274	0.7127496159754224	tune	16
CbG	CbG	0.10351493447898412	0.7087378640776698	tune	16
CbG	CbG	0.14164008882489681	0.7177177177177176	tune	16
CbG	CbG	0.14443311018128274	0.6913674560733385	tune	16
CbG	CbG	0.1302656492502901	0.6822916666666667	tune	16
CbG	CbG	0.1173835827261043	0.6745169082125604	tune	16
CbG	CbG	0.11438343333836577	0.6577708006279435	tune	16
CbG	CbG	0.1499708931987511	0.6881968473663975	tune	16
CbG	CbG	0.1421592252639473	0.6856730422230242	tune	16
CbG	CbG	0.14842661038136012	0.6992894056847545	tune	16
CbG	CbG	0.14013068679027868	0.6947496947496947	tune	16
CbG	CbG	0.135306530137794	0.6944444444444444	tune	16
CbG	CbG	0.12878561494577165	0.6908690869086909	tune	16
CbG	CbG	0.12402556222140443	0.6881551362683438	tune	16
CbG	CbG	0.11886957269053801	0.6687306501547987	tune	16
CbG	CbG	0.12978925224200416	0.6714493657725098	tune	16
CbG	CbG	0.12603382626331638	0.6613827349121466	tune	16
CbG	CbG	0.1210233189146853	0.6600073313782991	tune	16
CbG	CbG	0.14688300677780147	0.6858723958333333	tune	16
CbG	CbG	0.15078755642018796	0.6922264150943397	tune	16
CbG	CbG	0.15434991656832542	0.6805046805046805	tune	16
CbG	CbG	0.15717336709167268	0.689209726443769	tune	16
CbG	CbG	0.16280616007514545	0.7003199431212229	tune	16
CbG	CbG	0.15937920568716363	0.7015694810402109	tune	16
CbG	CbG	0.15847213474413768	0.7063976050559929	tune	16
CbG	CbG	0.16842404820671264	0.7125	tune	16
CbG	CbG	0.1637323276641131	0.7085858585858585	tune	16
CbG	CbG	0.15823763542275318	0.7048039215686275	tune	16
CbG	CbG	0.1541221724356574	0.7001571309732877	tune	16
CbG	CbG	0.14949554862042086	0.6862745098039217	tune	16
CbG	CbG	0.14792504439427118	0.6883824622244241	tune	16
CbG	CbG	0.15058054283003897	0.6957133917396746	tune	16
CbG	CbG	0.1493298883327615	0.6975007619628162	tune	16
CbG	CbG	0.14595312468379132	0.684122965641953	tune	16
CbG	CbG	0.1426623002992625	0.6832451499118165	tune	16
CbG	CbG	0.13884158834888782	0.680275387263339	tune	16
CbG	CbG	0.13131481359487673	0.6756302521008404	tune	16
CbG	CbG	0.1287547482814565	0.6750082101806238	tune	16
CbG	CbG	0.1269437685282755	0.6662912912912913	tune	16
CbG	CbG	0.12251098595730117	0.653302308931448	tune	16
CbG	CbG	0.1207293921855491	0.6550697565816356	tune	16
CbG	CbG	0.119303663084871	0.656191074795726	test	16
CbG	CbG	0.11593778686618719	0.6567063958368305	test	16
CbG	CbG	0.1143476334180981	0.6558302724631325	test	16
CbG	CbG	0.11387674521570135	0.6590188598140885	test	16
CbG	CbG	0.11280010101708915	0.6599757652389231	test	16
CbG	CbG	0.11174578458313492	0.6612061392176115	test	16
CbG	CbG	0.10976085570029565	0.660260635870392	test	16
CbG	CbG	0.10913586621781889	0.662535463640436	test	16
CbG	CbG	0.10889646543419798	0.6629481311975591	test	16
CbG	CbG	0.12451862364635742	0.6748214285714286	test	16
CbG	CbG	0.14061571777574633	0.681855201680312	test	16
CbG	CbG	0.14762705029971146	0.6866452463338276	test	16
CbG	CbG	0.14681327706717132	0.6872367994816975	test	16
CbG	CbG	0.14393722861281028	0.6857381748686097	test	16
CbG	CbG	0.14025355040202028	0.6828007518796992	test	16
CbG	CbG	0.14460617302605422	0.6897505903187721	test	16
CbG	CbG	0.14472270044733185	0.6911288888888888	test	16
CbG	CbG	0.1495439606876616	0.6954464408174461	test	16
CbG	CbG	0.14514421998724206	0.6936605455036458	test	16
CbG	CbG	0.1424577206664106	0.6922949075920755	test	16
CbG	CbG	0.1515991321168229	0.7018819234642498	test	16
CbG	CbG	0.18369296820237038	0.7062258584506829	test	16
CbG	CbG	0.1827314408836821	0.7070634421169348	test	16
CbG	CbG	0.181226925392813	0.7046956521739131	test	16
CbG	CbG	0.1812303361029115	0.705945558739255	test	16
CbG	CbG	0.1598299831218371	0.708788129486803	test	16
CbG	CbG	0.15966588649660274	0.7107645354852059	test	16
CbG	CbG	0.15670294394360276	0.7093408835833077	test	16
CbG	CbG	0.1546238495873092	0.7072603586889301	test	16
CbG	CbG	0.15332891997019088	0.7073825503355704	test	16
CbG	CbG	0.1537292507178939	0.7092648730579765	test	16
CbG	CbG	0.1507569234458785	0.7085359012715033	test	16
CbG	CbG	0.15071304359423512	0.7094028732893034	test	16
CbG	CbG	0.15836992418410964	0.717441784760954	test	16
CbG	CbG	0.15533769713380327	0.715935631789839	test	16
CbG	CbG	0.15107551781861892	0.7083125	test	16
CbG	CbG	0.1485242663617743	0.7071810699588478	test	16
CbG	CbG	0.1469876044218682	0.7073170731707318	test	16
CbG	CbG	0.1520579905032053	0.711028495718721	test	16
CbG	CbG	0.1523816469651923	0.7142389714373701	test	16
CbG	CbG	0.15085941265971295	0.7129678940961657	test	16
CbG	CbG	0.15565688919588866	0.7183119158878505	test	16
CbG	CbG	0.15261731907751266	0.7173065819861433	test	16
CbG	CbG	0.1489732058330667	0.71484375	test	16
CbG	CbG	0.1479249069152054	0.7096873714520774	test	16
CbG	CbG	0.1474555487362195	0.710561995796895	test	16
CbG	CbG	0.1465496507161788	0.7101434700992224	test	16
CbG	CbG	0.15299613417291813	0.7132464730019127	test	16
CbG	CbG	0.14894117182053726	0.712262091492699	test	16
CbG	CbG	0.14786292469315637	0.710805352183792	test	16
CbG	CbG	0.25	0.8888888888888888	tune	16
CbG	CbG	0.25	0.9473684210526316	tune	16
CbG	CbG	0.20277777777777778	0.8392857142857143	tune	16
CbG	CbG	0.22936507936507933	0.8468468468468469	tune	16
CbG	CbG	0.1255270092226614	0.773049645390071	tune	16
CbG	CbG	0.09812428950359983	0.7485380116959065	tune	16
CbG	CbG	0.10942752100840336	0.7613636363636364	tune	16
CbG	CbG	0.11151635243889649	0.6340508806262231	tune	16
CbG	CbG	0.10808082734783996	0.6678141135972462	tune	16
CbG	CbG	0.09916627499828522	0.6697388632872503	tune	16
CbG	CbG	0.08811901130837194	0.6657420249653259	tune	16
CbG	CbG	0.21297273379812443	0.6496496496496497	tune	16
CbG	CbG	0.19676323211190028	0.6226126814362108	tune	16
CbG	CbG	0.18634589296897125	0.6158854166666666	tune	16
CbG	CbG	0.17961411980156816	0.6171497584541062	tune	16
CbG	CbG	0.17141292390403812	0.6059654631083202	tune	16
CbG	CbG	0.17403248658168313	0.6101499423298732	tune	16
CbG	CbG	0.16720332816283182	0.6059184409960303	tune	16
CbG	CbG	0.1684810630982671	0.6214470284237726	tune	16
CbG	CbG	0.16343954337966954	0.6245421245421245	tune	16
CbG	CbG	0.15726764301128993	0.618923611111111	tune	16
CbG	CbG	0.15180788090989097	0.6144114411441144	tune	16
CbG	CbG	0.14833570814529395	0.615041928721174	tune	16
CbG	CbG	0.15028915179417002	0.6272922124315313	tune	16
CbG	CbG	0.15656181181028983	0.6367228113953004	tune	16
CbG	CbG	0.15634447633144744	0.6384644766997708	tune	16
CbG	CbG	0.15168068412822128	0.6350806451612903	tune	16
CbG	CbG	0.19738291562882532	0.6476236979166667	tune	16
CbG	CbG	0.19775315543141814	0.6575094339622642	tune	16
CbG	CbG	0.1900749085575544	0.634106634106634	tune	16
CbG	CbG	0.18718890231819418	0.6318389057750761	tune	16
CbG	CbG	0.1848375922497098	0.6331318876644152	tune	16
CbG	CbG	0.1821746049272937	0.6346660556764807	tune	16
CbG	CbG	0.18072678302678138	0.639095243375097	tune	16
CbG	CbG	0.190268954600202	0.6477083333333332	tune	16
CbG	CbG	0.18562716836258633	0.646060606060606	tune	16
CbG	CbG	0.18150432048857457	0.6401960784313726	tune	16
CbG	CbG	0.18049787811147427	0.6447915703854331	tune	16
CbG	CbG	0.17424072598840062	0.6309311603429251	tune	16
CbG	CbG	0.17289678042954443	0.6338039798530263	tune	16
CbG	CbG	0.17229804434883178	0.6383760951188986	tune	16
CbG	CbG	0.1700385242276519	0.6379152697348369	tune	16
CbG	CbG	0.1664483154999014	0.6277034358047016	tune	16
CbG	CbG	0.16420015265411073	0.6277954144620812	tune	16
CbG	CbG	0.1611368131673176	0.6252667814113597	tune	16
CbG	CbG	0.15587174798437742	0.6220504201680672	tune	16
CbG	CbG	0.1539933194237657	0.6214121510673235	tune	16
CbG	CbG	0.15024017282392552	0.6076701701701702	tune	16
CbG	CbG	0.14591630563180985	0.5969214247359943	tune	16
CbG	CbG	0.1447095572811931	0.5993228649816122	tune	16
CbG	CbG	0.14296104443004298	0.5978515513399235	test	16
CbG	CbG	0.10954713925078091	0.598735381344077	test	16
CbG	CbG	0.10779051436154174	0.5964037059371745	test	16
CbG	CbG	0.10709098290504145	0.5994841760249314	test	16
CbG	CbG	0.10534781304083063	0.5983878615457563	test	16
CbG	CbG	0.10454484521439636	0.6004857630096635	test	16
CbG	CbG	0.10290926110193865	0.5988033061203792	test	16
CbG	CbG	0.10192662901096132	0.6000199094121746	test	16
CbG	CbG	0.10016462724660621	0.5912948131197558	test	16
CbG	CbG	0.10834069970374613	0.6041071428571428	test	16
CbG	CbG	0.12066292919822066	0.6127566548073213	test	16
CbG	CbG	0.12137656344120377	0.615793376173999	test	16
CbG	CbG	0.12057916030510915	0.6164561062520246	test	16
CbG	CbG	0.1192055402035943	0.6148272017837235	test	16
CbG	CbG	0.11482367429780797	0.6107456140350878	test	16
CbG	CbG	0.11526758654215508	0.6113119834710744	test	16
CbG	CbG	0.11847364559686306	0.6156444444444444	test	16
CbG	CbG	0.12721718008486854	0.6219311479906734	test	16
CbG	CbG	0.1253256973690035	0.6211855252497975	test	16
CbG	CbG	0.12423836097641822	0.6208283472942427	test	16
CbG	CbG	0.13576005281465606	0.6352593152064451	test	16
CbG	CbG	0.16760179915462847	0.6408954043614464	test	16
CbG	CbG	0.16683691773293818	0.6418532170577482	test	16
CbG	CbG	0.1678294802875996	0.6463188405797102	test	16
CbG	CbG	0.1689243515671122	0.6502644919550364	test	16
CbG	CbG	0.15874899026695777	0.6516239225000667	test	16
CbG	CbG	0.1575541704013773	0.6503983033312642	test	16
CbG	CbG	0.15493507429425601	0.6499336802367105	test	16
CbG	CbG	0.15343859328638063	0.648212739641311	test	16
CbG	CbG	0.15263072786643245	0.6487370347773033	test	16
CbG	CbG	0.15275731462197242	0.6514067828723001	test	16
CbG	CbG	0.15150058250345247	0.6515987284966342	test	16
CbG	CbG	0.15266455755426878	0.655023717119448	test	16
CbG	CbG	0.1539820847146668	0.6607782286941991	test	16
CbG	CbG	0.15129218546292128	0.6600955666502389	test	16
CbG	CbG	0.14813907930895856	0.6536875000000001	test	16
CbG	CbG	0.14605276587130578	0.651522633744856	test	16
CbG	CbG	0.1454581974669243	0.6524390243902439	test	16
CbG	CbG	0.14904875396355904	0.657141727145089	test	16
CbG	CbG	0.1497246078903794	0.6602509815998152	test	16
CbG	CbG	0.14749845325970876	0.6589318320146074	test	16
CbG	CbG	0.14835692284846488	0.6636791764018691	test	16
CbG	CbG	0.14654197885248263	0.6639542436489607	test	16
CbG	CbG	0.1445271900056012	0.6629922945205479	test	16
CbG	CbG	0.14444201126012057	0.6608048813931167	test	16
CbG	CbG	0.1433980500717368	0.6605992814046506	test	16
CbG	CbG	0.1424915643511447	0.6604317511397158	test	16
CbG	CbG	0.14781815100221904	0.6636968498144546	test	16
CbG	CbG	0.1456127339934313	0.6624084345337236	test	16
CbG	CbG	0.14405370291425404	0.6617489270386265	test	16
CbG	CbG	1.0	1.0	tune	20
CbG	CbG	1.0	1.0	tune	20
CbG	CbG	0.1964285714285714	0.875	tune	20
CbG	CbG	0.23703703703703705	0.8828828828828829	tune	20
CbG	CbG	0.1603174603174603	0.8439716312056739	tune	20
CbG	CbG	0.1265142021720969	0.8304093567251463	tune	20
CbG	CbG	0.1319524003519999	0.8143939393939394	tune	20
CbG	CbG	0.1320665764224309	0.6927592954990215	tune	20
CbG	CbG	0.12899571195174334	0.7177280550774526	tune	20
CbG	CbG	0.1228846878266527	0.7311827956989247	tune	20
CbG	CbG	0.1058147668011056	0.726768377253814	tune	20
CbG	CbG	0.15610673177023637	0.7557557557557557	tune	20
CbG	CbG	0.15886183139421245	0.7272727272727273	tune	20
CbG	CbG	0.1420279483367971	0.7141927083333334	tune	20
CbG	CbG	0.12664444683862275	0.7089371980676329	tune	20
CbG	CbG	0.12164870955981152	0.6834118262689691	tune	20
CbG	CbG	0.1549389197757352	0.7043444828911958	tune	20
CbG	CbG	0.14753926544997342	0.7033561891014075	tune	20
CbG	CbG	0.15269505233317082	0.7144702842377261	tune	20
CbG	CbG	0.14411658854800835	0.7097069597069596	tune	20
CbG	CbG	0.1392833639739247	0.7094907407407407	tune	20
CbG	CbG	0.13135677685500566	0.7048954895489549	tune	20
CbG	CbG	0.12756594791538722	0.7044025157232705	tune	20
CbG	CbG	0.12146430673602471	0.6782567277923315	tune	20
CbG	CbG	0.12766573479304563	0.6789353295903515	tune	20
CbG	CbG	0.12398267181227712	0.6701680672268908	tune	20
CbG	CbG	0.11941645133465717	0.6697214076246334	tune	20
CbG	CbG	0.1447633616774206	0.6927083333333334	tune	20
CbG	CbG	0.146036114760837	0.6963018867924529	tune	20
CbG	CbG	0.151411667072278	0.6868810202143535	tune	20
CbG	CbG	0.15317379167191203	0.6928824721377913	tune	20
CbG	CbG	0.16042482155448318	0.7050598412134139	tune	20
CbG	CbG	0.1557044366718322	0.7046626188566845	tune	20
CbG	CbG	0.15410278665687235	0.7082825146912075	tune	20
CbG	CbG	0.16129993105205667	0.7139583333333334	tune	20
CbG	CbG	0.155833466316281	0.7092929292929293	tune	20
CbG	CbG	0.14976549641984507	0.7054901960784313	tune	20
CbG	CbG	0.14806316502895253	0.7050559201404936	tune	20
CbG	CbG	0.14304529197150628	0.6881419234360411	tune	20
CbG	CbG	0.14138776837838193	0.6898687143918751	tune	20
CbG	CbG	0.14572719647120472	0.6989205256570713	tune	20
CbG	CbG	0.14432017905770722	0.7002438281011887	tune	20
CbG	CbG	0.14094873865626845	0.686871609403255	tune	20
CbG	CbG	0.13802218349275455	0.68663139329806	tune	20
CbG	CbG	0.1339002177848739	0.6833734939759036	tune	20
CbG	CbG	0.12770433421111543	0.6781176470588235	tune	20
CbG	CbG	0.12558605200173867	0.6783579638752052	tune	20
CbG	CbG	0.12442417832707349	0.6719844844844844	tune	20
CbG	CbG	0.11978100937448392	0.6601634747330112	tune	20
CbG	CbG	0.11778687952618369	0.6614908645146227	tune	20
CbG	CbG	0.11642860695930164	0.6632192446145935	test	20
CbG	CbG	0.1139439344534226	0.6633652285826198	test	20
CbG	CbG	0.11236994508712023	0.6626281453867662	test	20
CbG	CbG	0.11176540574940598	0.6652517328461662	test	20
CbG	CbG	0.11075365776813997	0.6671408250355619	test	20
CbG	CbG	0.11006537285867424	0.6688543227740168	test	20
CbG	CbG	0.1077948281538468	0.6674610820952285	test	20
CbG	CbG	0.10724058288695983	0.669802399084167	test	20
CbG	CbG	0.10547406094385954	0.6617086193745232	test	20
CbG	CbG	0.11593208698142304	0.6725446428571429	test	20
CbG	CbG	0.1319334027510643	0.6797976767113894	test	20
CbG	CbG	0.13921848570399517	0.6848327566320647	test	20
CbG	CbG	0.13838501319770044	0.6850907029478458	test	20
CbG	CbG	0.13495025108614067	0.6831103678929765	test	20
CbG	CbG	0.13062456595187377	0.6798637218045112	test	20
CbG	CbG	0.1339540080055664	0.684991145218418	test	20
CbG	CbG	0.13363186490782042	0.6863999999999999	test	20
CbG	CbG	0.13737900776856268	0.6907488684679742	test	20
CbG	CbG	0.13392583512873846	0.6892384553065082	test	20
CbG	CbG	0.13115849056121326	0.6879404334529983	test	20
CbG	CbG	0.13784710902901334	0.6959969788519638	test	20
CbG	CbG	0.15296176276777262	0.7000821192858664	test	20
CbG	CbG	0.15205001506637061	0.7008001438460847	test	20
CbG	CbG	0.15186068190668392	0.7015942028985508	test	20
CbG	CbG	0.15318851228207336	0.7026945117919331	test	20
CbG	CbG	0.14696707245375568	0.7053721544661204	test	20
CbG	CbG	0.146986452074352	0.707686737016346	test	20
CbG	CbG	0.14440685815056625	0.7059483726150393	test	20
CbG	CbG	0.14406633599027663	0.7067408781694496	test	20
CbG	CbG	0.14257319697878998	0.7067480170835875	test	20
CbG	CbG	0.14337356484561317	0.7089569912845775	test	20
CbG	CbG	0.13965829277444228	0.7079749439042633	test	20
CbG	CbG	0.1395146634507894	0.7086993032386919	test	20
CbG	CbG	0.14661954539217065	0.7162264806093882	test	20
CbG	CbG	0.1443205952700615	0.7150785317876963	test	20
CbG	CbG	0.14072157694012935	0.7075208333333333	test	20
CbG	CbG	0.1362533576773931	0.7062139917695474	test	20
CbG	CbG	0.13486224879303405	0.706239837398374	test	20
CbG	CbG	0.1374863858842753	0.7094267238822204	test	20
CbG	CbG	0.13879488220519287	0.7128916775733313	test	20
CbG	CbG	0.13724353679902368	0.711427267194157	test	20
CbG	CbG	0.14007109133058926	0.7152453271028038	test	20
CbG	CbG	0.13774972687996617	0.7141671478060047	test	20
CbG	CbG	0.1347025914045583	0.711615296803653	test	20
CbG	CbG	0.1334551016395051	0.7045968737145207	test	20
CbG	CbG	0.1329082361057049	0.7051725306758864	test	20
CbG	CbG	0.13180918653145973	0.704243765084473	test	20
CbG	CbG	0.1365809950212991	0.7073613313498227	test	20
CbG	CbG	0.1341766794078545	0.7065862453711939	test	20
CbG	CbG	0.13325816407764346	0.7053300934107549	test	20
CbG	CbG	1.0	1.0	tune	20
CbG	CbG	1.0	1.0	tune	20
CbG	CbG	0.2583333333333333	0.9107142857142858	tune	20
CbG	CbG	0.26944444444444443	0.9009009009009009	tune	20
CbG	CbG	0.18727106227106227	0.8723404255319149	tune	20
CbG	CbG	0.1576525054466231	0.8596491228070176	tune	20
CbG	CbG	0.15865429505135387	0.8409090909090909	tune	20
CbG	CbG	0.15337343996270333	0.7279843444227005	tune	20
CbG	CbG	0.1497512338268641	0.7487091222030982	tune	20
CbG	CbG	0.14327430480446326	0.76036866359447	tune	20
CbG	CbG	0.11672517273856618	0.753120665742025	tune	20
CbG	CbG	0.1681520754361938	0.7727727727727727	tune	20
CbG	CbG	0.1654921487482581	0.7387318563789151	tune	20
CbG	CbG	0.14666604406887918	0.724609375	tune	20
CbG	CbG	0.1299039574476341	0.7173913043478262	tune	20
CbG	CbG	0.12580118316911165	0.696493982208268	tune	20
CbG	CbG	0.16113722975833367	0.7158785082660515	tune	20
CbG	CbG	0.15303511620791538	0.7145434861060989	tune	20
CbG	CbG	0.16060338056096604	0.727390180878553	tune	20
CbG	CbG	0.1513087074860786	0.7225274725274725	tune	20
CbG	CbG	0.1463721128103358	0.7222222222222222	tune	20
CbG	CbG	0.13807282546742564	0.7183718371837184	tune	20
CbG	CbG	0.13401599901382427	0.7177672955974843	tune	20
CbG	CbG	0.12774146552786228	0.6949273636580138	tune	20
CbG	CbG	0.1347229498875631	0.6959866916198794	tune	20
CbG	CbG	0.13042971944957377	0.6869747899159664	tune	20
CbG	CbG	0.1260839514680342	0.6865835777126099	tune	20
CbG	CbG	0.15025377183727767	0.7096354166666666	tune	20
CbG	CbG	0.15176723074465862	0.7130566037735849	tune	20
CbG	CbG	0.15701792897288694	0.702618369285036	tune	20
CbG	CbG	0.15914350464671756	0.7087132725430597	tune	20
CbG	CbG	0.16630566755681625	0.7198720227515109	tune	20
CbG	CbG	0.1605820831893106	0.7193263833199679	tune	20
CbG	CbG	0.15913738528410215	0.7230291606608271	tune	20
CbG	CbG	0.16791814920505546	0.7290625000000001	tune	20
CbG	CbG	0.16221604439914258	0.7245454545454546	tune	20
CbG	CbG	0.15612609007270245	0.7204901960784313	tune	20
CbG	CbG	0.15417032397093802	0.7203068675478326	tune	20
CbG	CbG	0.1482934328332712	0.7036754095577624	tune	20
CbG	CbG	0.1465633336625931	0.7052266534555363	tune	20
CbG	CbG	0.15127683883498852	0.7139392991239049	tune	20
CbG	CbG	0.15012400062151005	0.7160926546784516	tune	20
CbG	CbG	0.14646290830408787	0.7019891500904158	tune	20
CbG	CbG	0.14346074207393428	0.7015167548500882	tune	20
CbG	CbG	0.13893370015845186	0.6976247848537005	tune	20
CbG	CbG	0.13224451803475257	0.692436974789916	tune	20
CbG	CbG	0.12989570306444717	0.6926108374384237	tune	20
CbG	CbG	0.12852215673468798	0.6855605605605606	tune	20
CbG	CbG	0.1236617665930215	0.6737068194021837	tune	20
CbG	CbG	0.1215060027370463	0.6746833226314868	tune	20
CbG	CbG	0.12009516010136365	0.6761899320038856	test	20
CbG	CbG	0.1172614799180604	0.6759554585641543	test	20
CbG	CbG	0.11562681481349218	0.6753467463406612	test	20
CbG	CbG	0.11506314592979987	0.6781473322228789	test	20
CbG	CbG	0.1140850822672482	0.6798904167325219	test	20
CbG	CbG	0.11337575457546423	0.6815151671748231	test	20
CbG	CbG	0.11091387932558999	0.6800872166725825	test	20
CbG	CbG	0.11032831941010954	0.6823453287541685	test	20
CbG	CbG	0.10843041339146822	0.6741037376048817	test	20
CbG	CbG	0.12024409528933794	0.6846428571428571	test	20
CbG	CbG	0.13617554808553534	0.6914998499721376	test	20
CbG	CbG	0.14516630736892627	0.6966139396935245	test	20
CbG	CbG	0.14428944569660976	0.6968334953028831	test	20
CbG	CbG	0.14085598729128915	0.6946169772256728	test	20
CbG	CbG	0.136179644877829	0.6914552005012531	test	20
CbG	CbG	0.139477387442213	0.6959489374262102	test	20
CbG	CbG	0.13878506321815126	0.6969244444444443	test	20
CbG	CbG	0.14271015365789172	0.701069812097106	test	20
CbG	CbG	0.138429310827503	0.6993991358358088	test	20
CbG	CbG	0.1347173568369027	0.6978460311128839	test	20
CbG	CbG	0.14219433167796006	0.7058471802618328	test	20
CbG	CbG	0.1588001133013929	0.7096627026369415	test	20
CbG	CbG	0.1578207617435607	0.7104498186939974	test	20
CbG	CbG	0.15742417710004514	0.7106956521739131	test	20
CbG	CbG	0.15846770542971056	0.7115384615384616	test	20
CbG	CbG	0.1511212164664574	0.7137252808838835	test	20
CbG	CbG	0.15127548460286433	0.7160148975791435	test	20
CbG	CbG	0.14851669650892357	0.7143403734312825	test	20
CbG	CbG	0.14760053060368902	0.7144094001236858	test	20
CbG	CbG	0.14619003804920624	0.7143380109823062	test	20
CbG	CbG	0.14649478032503155	0.7157777567260325	test	20
CbG	CbG	0.14160026570362383	0.7149167913238594	test	20
CbG	CbG	0.14154762498191473	0.71553074147205	test	20
CbG	CbG	0.1479439141507183	0.7228672497233012	test	20
CbG	CbG	0.14544219725779478	0.7213782168034456	test	20
CbG	CbG	0.14156377342454166	0.7135416666666667	test	20
CbG	CbG	0.13827107016724602	0.7122222222222223	test	20
CbG	CbG	0.1367241197357917	0.712418699186992	test	20
CbG	CbG	0.1397315567036067	0.7156162866578338	test	20
CbG	CbG	0.14108227835895426	0.7187620294095004	test	20
CbG	CbG	0.1393129241790708	0.7170191722458917	test	20
CbG	CbG	0.1425394638153644	0.7209769275700935	test	20
CbG	CbG	0.13980945181194726	0.7196340935334873	test	20
CbG	CbG	0.1364154796699648	0.716877140410959	test	20
CbG	CbG	0.13534315085127036	0.710064445358563	test	20
CbG	CbG	0.1347794561934935	0.7106636838180462	test	20
CbG	CbG	0.13358539818279924	0.7096406543309198	test	20
CbG	CbG	0.13759151644352066	0.7125762207582025	test	20
CbG	CbG	0.1347435430288023	0.7115667599165603	test	20
CbG	CbG	0.1336171763184204	0.7099848523100227	test	20
CbG	CbG	1.0	1.0	tune	20
CbG	CbG	1.0	1.0	tune	20
CbG	CbG	0.6130952380952381	0.9107142857142857	tune	20
CbG	CbG	0.5092592592592593	0.9009009009009008	tune	20
CbG	CbG	0.20595238095238094	0.8652482269503546	tune	20
CbG	CbG	0.18603801169590645	0.8596491228070176	tune	20
CbG	CbG	0.18856646825396825	0.8560606060606061	tune	20
CbG	CbG	0.1748127221562379	0.7495107632093934	tune	20
CbG	CbG	0.17283182604285183	0.7728055077452668	tune	20
CbG	CbG	0.16641271742925307	0.7834101382488479	tune	20
CbG	CbG	0.13111613360839366	0.7753120665742024	tune	20
CbG	CbG	0.1830198023758718	0.7897897897897898	tune	20
CbG	CbG	0.17698354673116645	0.7509549274255156	tune	20
CbG	CbG	0.15390333397437478	0.7350260416666666	tune	20
CbG	CbG	0.13812937648134133	0.7288647342995169	tune	20
CbG	CbG	0.13311345356263632	0.705913134484563	tune	20
CbG	CbG	0.16639545360249947	0.7227989234909651	tune	20
CbG	CbG	0.1588463962062458	0.7217610970768675	tune	20
CbG	CbG	0.16667962248026152	0.7341731266149871	tune	20
CbG	CbG	0.15704809735436218	0.7289377289377289	tune	20
CbG	CbG	0.1519676896766297	0.7285879629629629	tune	20
CbG	CbG	0.14312831256095182	0.7246974697469747	tune	20
CbG	CbG	0.13873381580962132	0.7235324947589099	tune	20
CbG	CbG	0.13192380576390933	0.6994522505358418	tune	20
CbG	CbG	0.13870401253442777	0.6991058432106467	tune	20
CbG	CbG	0.13430631189727457	0.6907944996180291	tune	20
CbG	CbG	0.13022469566866807	0.6913489736070382	tune	20
CbG	CbG	0.15910684821085108	0.7145182291666666	tune	20
CbG	CbG	0.16003418037172779	0.717433962264151	tune	20
CbG	CbG	0.16532903526967033	0.7061457061457062	tune	20
CbG	CbG	0.1669482658214056	0.7117527862208713	tune	20
CbG	CbG	0.1730058780802759	0.721886479440692	tune	20
CbG	CbG	0.1675220259727094	0.7217321571772253	tune	20
CbG	CbG	0.1661049116208892	0.7255793325202351	tune	20
CbG	CbG	0.17473551467802995	0.7313541666666666	tune	20
CbG	CbG	0.16892455034391896	0.7267676767676767	tune	20
CbG	CbG	0.16279680559159462	0.7225490196078431	tune	20
CbG	CbG	0.1600861121818708	0.7212311673907016	tune	20
CbG	CbG	0.15415933105732174	0.7046091163738222	tune	20
CbG	CbG	0.15241355937709464	0.706217488233837	tune	20
CbG	CbG	0.15788810750576687	0.7155037546933667	tune	20
CbG	CbG	0.15666151928530783	0.717311795184395	tune	20
CbG	CbG	0.15270438656317245	0.7030018083182641	tune	20
CbG	CbG	0.14949286355673105	0.7022222222222222	tune	20
CbG	CbG	0.1451507463119216	0.6988640275387263	tune	20
CbG	CbG	0.13788574765187944	0.6938487394957983	tune	20
CbG	CbG	0.1357330669990706	0.694055829228243	tune	20
CbG	CbG	0.13412079151211886	0.6862487487487487	tune	20
CbG	CbG	0.12847200852882032	0.6746614163832707	tune	20
CbG	CbG	0.12630534869975563	0.6757924230926391	tune	20
CbG	CbG	0.12463089237063808	0.6767613279241187	test	20
CbG	CbG	0.12179372902440108	0.6769626769626769	test	20
CbG	CbG	0.12032589946278026	0.676717285236555	test	20
CbG	CbG	0.11972877362340155	0.6792756971683414	test	20
CbG	CbG	0.11872373250776662	0.6811021547863654	test	20
CbG	CbG	0.11796918693339264	0.6826003824091778	test	20
CbG	CbG	0.11565984174204842	0.6813041934993155	test	20
CbG	CbG	0.11496889226051582	0.6830421581802798	test	20
CbG	CbG	0.11298729308147701	0.6738176964149504	test	20
CbG	CbG	0.12435659199871754	0.6841517857142858	test	20
CbG	CbG	0.14297058636030757	0.6908140083158301	test	20
CbG	CbG	0.1518216880022418	0.6957076948426429	test	20
CbG	CbG	0.15092620138187599	0.6959426627793974	test	20
CbG	CbG	0.1469502509236816	0.6938206720815417	test	20
CbG	CbG	0.13995927675792286	0.6907111528822055	test	20
CbG	CbG	0.14211047889321257	0.6938090318772137	test	20
CbG	CbG	0.14149573538011495	0.6948622222222222	test	20
CbG	CbG	0.14574633976985057	0.6993210807845288	test	20
CbG	CbG	0.14149794379028732	0.6975087766675668	test	20
CbG	CbG	0.13821710919472524	0.6960842973008908	test	20
CbG	CbG	0.1448769355165398	0.7039904330312186	test	20
CbG	CbG	0.16151636580865603	0.7077465859667265	test	20
CbG	CbG	0.16049637434426467	0.7084719350295184	test	20
CbG	CbG	0.15996644056735698	0.7084347826086956	test	20
CbG	CbG	0.1619255889749826	0.7111527441040335	test	20
CbG	CbG	0.15410077872271233	0.7134850951402418	test	20
CbG	CbG	0.15396281014102123	0.715523484378233	test	20
CbG	CbG	0.15136225499380423	0.7138812366085094	test	20
CbG	CbG	0.15014035970396972	0.7133209647495362	test	20
CbG	CbG	0.14878616436725559	0.7132397803538744	test	20
CbG	CbG	0.14933529035203297	0.715067260325881	test	20
CbG	CbG	0.1456137986538119	0.7139584891548243	test	20
CbG	CbG	0.14563005966350434	0.7148952588456912	test	20
CbG	CbG	0.1516692189233393	0.7219123678899282	test	20
CbG	CbG	0.14908593400459474	0.7205639718014099	test	20
CbG	CbG	0.14501950601384972	0.7123125	test	20
CbG	CbG	0.14210515694101206	0.710925925925926	test	20
CbG	CbG	0.1407320519420992	0.7110569105691057	test	20
CbG	CbG	0.14293566742602673	0.713915640016611	test	20
CbG	CbG	0.14301170644755032	0.717049041496651	test	20
CbG	CbG	0.1413254997751644	0.715535605599513	test	20
CbG	CbG	0.14407690385279814	0.7189872955607477	test	20
CbG	CbG	0.1416229143053465	0.7177937355658198	test	20
CbG	CbG	0.1384014346983539	0.7150399543378996	test	20
CbG	CbG	0.1371877592090504	0.7077677224736049	test	20
CbG	CbG	0.13666929971653036	0.7084265473527218	test	20
CbG	CbG	0.1354104356198592	0.7073612228479484	test	20
CbG	CbG	0.13936507146022853	0.7100913831717645	test	20
CbG	CbG	0.13687787627547893	0.7091088436474184	test	20
CbG	CbG	0.13575907005313606	0.707665362282252	test	20
CbG	CbG_baseline	0.25	0.8888888888888888	tune	9
CbG	CbG_baseline	0.25	0.9473684210526316	tune	9
CbG	CbG_baseline	0.2232142857142857	0.875	tune	9
CbG	CbG_baseline	0.177688651218063	0.7747747747747746	tune	9
CbG	CbG_baseline	0.1177668845315904	0.7163120567375887	tune	9
CbG	CbG_baseline	0.10578498629473143	0.7076023391812867	tune	9
CbG	CbG_baseline	0.19162311942484353	0.7613636363636365	tune	9
CbG	CbG_baseline	0.20044864979075502	0.7397260273972603	tune	9
CbG	CbG_baseline	0.19583304390775508	0.7555938037865749	tune	9
CbG	CbG_baseline	0.18240940858205504	0.7450076804915515	tune	9
CbG	CbG_baseline	0.1731502197416203	0.7420249653259362	tune	9
CbG	CbG_baseline	0.21628125196796658	0.6956956956956957	tune	9
CbG	CbG_baseline	0.1916906103240834	0.6264323911382734	tune	9
CbG	CbG_baseline	0.17928478983516824	0.5826822916666667	tune	9
CbG	CbG_baseline	0.1744656813142682	0.5803140096618358	tune	9
CbG	CbG_baseline	0.1668223708288794	0.5667189952904239	tune	9
CbG	CbG_baseline	0.15645486144502702	0.5182622068435216	tune	9
CbG	CbG_baseline	0.1498078854785541	0.514976542764345	tune	9
CbG	CbG_baseline	0.14681905184089733	0.5145348837209303	tune	9
CbG	CbG_baseline	0.14336150523452637	0.5253357753357754	tune	9
CbG	CbG_baseline	0.1388565070359364	0.5205439814814815	tune	9
CbG	CbG_baseline	0.13629616434932235	0.5242024202420241	tune	9
CbG	CbG_baseline	0.13447432665595951	0.5309224318658281	tune	9
CbG	CbG_baseline	0.14333814349553814	0.5534651107406525	tune	9
CbG	CbG_baseline	0.15641239756434255	0.5886878768974839	tune	9
CbG	CbG_baseline	0.1863283630855121	0.6086707410236822	tune	9
CbG	CbG_baseline	0.18374811294267063	0.6085043988269795	tune	9
CbG	CbG_baseline	0.19503168390555922	0.61328125	tune	9
CbG	CbG_baseline	0.20178646764593644	0.6332075471698113	tune	9
CbG	CbG_baseline	0.19154091409754576	0.6046669380002714	tune	9
CbG	CbG_baseline	0.18698591098974648	0.5932117527862208	tune	9
CbG	CbG_baseline	0.17328091884165886	0.5753051309396848	tune	9
CbG	CbG_baseline	0.1719573955435839	0.5800206209187765	tune	9
CbG	CbG_baseline	0.16864851001690767	0.5803304135713494	tune	9
CbG	CbG_baseline	0.1775811675275921	0.5919791666666666	tune	9
CbG	CbG_baseline	0.17596290772733839	0.5924242424242424	tune	9
CbG	CbG_baseline	0.17285379339570248	0.5916666666666667	tune	9
CbG	CbG_baseline	0.1809554578692162	0.6013494777705888	tune	9
CbG	CbG_baseline	0.17702748318443062	0.5936677701383584	tune	9
CbG	CbG_baseline	0.17548590762524724	0.5942531582858558	tune	9
CbG	CbG_baseline	0.16256822202512086	0.5819774718397998	tune	9
CbG	CbG_baseline	0.15892247795546008	0.5788631514782078	tune	9
CbG	CbG_baseline	0.15578177447916422	0.5795298372513562	tune	9
CbG	CbG_baseline	0.15355689521939125	0.5785537918871252	tune	9
CbG	CbG_baseline	0.1520459184660932	0.5771428571428571	tune	9
CbG	CbG_baseline	0.1497455702530341	0.5772773109243697	tune	9
CbG	CbG_baseline	0.14791583248538787	0.5755008210180624	tune	9
CbG	CbG_baseline	0.1437982043999375	0.5663163163163163	tune	9
CbG	CbG_baseline	0.13167674690005335	0.5595131555396456	tune	9
CbG	CbG_baseline	0.13032838580515047	0.5589866324207577	tune	9
CbG	CbG_baseline	0.12734242045365823	0.558139534883721	test	9
CbG	CbG_baseline	0.1250730974758465	0.556376252028426	test	9
CbG	CbG_baseline	0.12285923317965382	0.5546845019461653	test	9
CbG	CbG_baseline	0.12067962155752016	0.5553167481596906	test	9
CbG	CbG_baseline	0.11344216590544128	0.5513934987619198	test	9
CbG	CbG_baseline	0.1125138270032957	0.5509792775567154	test	9
CbG	CbG_baseline	0.11124087137461812	0.5513919172455758	test	9
CbG	CbG_baseline	0.10971508546788551	0.5518889054800656	test	9
CbG	CbG_baseline	0.10800394175030514	0.5493421052631579	test	9
CbG	CbG_baseline	0.1176227382257331	0.55875	test	9
CbG	CbG_baseline	0.1139421392095551	0.5611042050666553	test	9
CbG	CbG_baseline	0.11205377701742346	0.5486900642609985	test	9
CbG	CbG_baseline	0.11134332010488832	0.5494007126660188	test	9
CbG	CbG_baseline	0.11041454346804025	0.5480172001911132	test	9
CbG	CbG_baseline	0.10885678402019464	0.5473449248120301	test	9
CbG	CbG_baseline	0.10770656918099164	0.5425398465171192	test	9
CbG	CbG_baseline	0.11359647215570597	0.5503644444444444	test	9
CbG	CbG_baseline	0.12273750995477975	0.5582910437525717	test	9
CbG	CbG_baseline	0.1219216752849506	0.5580610315960033	test	9
CbG	CbG_baseline	0.1201048133993934	0.5561095598989496	test	9
CbG	CbG_baseline	0.13765681401626081	0.5697696374622356	test	9
CbG	CbG_baseline	0.14932399362034293	0.5768423613856869	test	9
CbG	CbG_baseline	0.14636291080380856	0.5772723186190776	test	9
CbG	CbG_baseline	0.14721016358252337	0.581768115942029	test	9
CbG	CbG_baseline	0.15099119468956154	0.5917731981485563	test	9
CbG	CbG_baseline	0.14306839434931967	0.5931787248805743	test	9
CbG	CbG_baseline	0.14182744681021864	0.589954479619284	test	9
CbG	CbG_baseline	0.1414421826411479	0.5920569329660238	test	9
CbG	CbG_baseline	0.13986006996499695	0.589090909090909	test	9
CbG	CbG_baseline	0.13935769007321439	0.5903355704697987	test	9
CbG	CbG_baseline	0.14318108332848012	0.5979537703675635	test	9
CbG	CbG_baseline	0.14235521893347125	0.5982142857142856	test	9
CbG	CbG_baseline	0.14300213120426206	0.6021197884750686	test	9
CbG	CbG_baseline	0.14417345238637957	0.6038325484494022	test	9
CbG	CbG_baseline	0.14136540246306978	0.6032484090081209	test	9
CbG	CbG_baseline	0.14021871122359836	0.6033958333333334	test	9
CbG	CbG_baseline	0.13911382863944466	0.6018724279835391	test	9
CbG	CbG_baseline	0.1386712079439829	0.6028252032520325	test	9
CbG	CbG_baseline	0.1388695677692429	0.6059641282208468	test	9
CbG	CbG_baseline	0.13727089451034158	0.601874663176534	test	9
CbG	CbG_baseline	0.13644313234618216	0.6013199939135727	test	9
CbG	CbG_baseline	0.14615240225608805	0.6084623247663551	test	9
CbG	CbG_baseline	0.1454748840529519	0.6099884526558891	test	9
CbG	CbG_baseline	0.14183497662729444	0.6093036529680365	test	9
CbG	CbG_baseline	0.14204019160097903	0.6095571095571096	test	9
CbG	CbG_baseline	0.14116363008847518	0.6101620229137008	test	9
CbG	CbG_baseline	0.1400261602134155	0.6104518637704478	test	9
CbG	CbG_baseline	0.1426700827702987	0.6150626931062104	test	9
CbG	CbG_baseline	0.14166560361517835	0.6156756844164873	test	9
CbG	CbG_baseline	0.13767314960714305	0.618436001009846	test	9
